{
  "type": "FeatureCollection",
  "features": [
    {
      "type": "Feature",
      "properties": {
        "dissolve": "1081River",
        "scalerank": 9.0,
        "featurecla": "River",
        "name": "Huan",
        "name_alt": null,
        "rivernum": 1081,
        "note": null,
        "min_zoom": 7.1,
        "name_en": "Huan",
        "min_label": 8.1
      },
      "geometry": {
        "type": "LineString",
        "coordinates": [
          [
            107.224213086854547,
            37.319769598431535
          ],
          [
            107.232920769146233,
            37.305283921348199
          ],
          [
            107.285736524354547,
            37.261745509889863
          ],
          [
            107.310150586854547,
            37.203558660931535
          ],
          [
            107.315684441021233,
            37.179144598431535
          ],
          [
            107.324717644146233,
            37.163519598431535
          ],
          [
            107.326670769146233,
            37.155218817181535
          ],
          [
            107.324310743104547,
            37.143906968223199
          ],
          [
            107.285166862896233,
            37.068386134889863
          ],
          [
            107.277435743104547,
            37.043727931764863
          ],
          [
            107.282644076437919,
            37.024603582806535
          ],
          [
            107.285492383729547,
            37.021104233848199
          ],
          [
            107.287852409771233,
            37.016669012494035
          ],
          [
            107.291514519146233,
            37.005397853639863
          ],
          [
            107.293955925396233,
            36.990586655723199
          ],
          [
            107.294525586854547,
            36.959295965619035
          ],
          [
            107.293223503521233,
            36.945827541139863
          ],
          [
            107.277842644146233,
            36.904567775514863
          ],
          [
            107.223399284771233,
            36.828070379681535
          ],
          [
            107.203868034771233,
            36.788763739056535
          ],
          [
            107.195078972271233,
            36.748806056764863
          ],
          [
            107.194346550396233,
            36.725287176556535
          ],
          [
            107.200450066021233,
            36.709295965619035
          ],
          [
            107.210134310812919,
            36.695624090619035
          ],
          [
            107.222097201437919,
            36.673447983848199
          ],
          [
            107.230723503521233,
            36.651393947389863
          ],
          [
            107.231049024354547,
            36.637884832806535
          ],
          [
            107.250498894146233,
            36.625433660931535
          ],
          [
            107.272634310812919,
            36.590033270306535
          ],
          [
            107.289561394146233,
            36.582709051556535
          ],
          [
            107.299733920187919,
            36.575954494264863
          ],
          [
            107.334076368104547,
            36.534247137494035
          ],
          [
            107.427826368104547,
            36.448187567181535
          ],
          [
            107.450205925396233,
            36.411403713014863
          ],
          [
            107.476654493104547,
            36.345648504681535
          ],
          [
            107.500417513937919,
            36.327582098431535
          ],
          [
            107.521657748312919,
            36.284287827598199
          ],
          [
            107.532725456646233,
            36.267401434369035
          ],
          [
            107.549571159771233,
            36.257391668744035
          ],
          [
            107.593435092062919,
            36.241481838014863
          ],
          [
            107.621755404562919,
            36.222601629681535
          ],
          [
            107.642344597271233,
            36.216620184369035
          ],
          [
            107.652598503521233,
            36.209662176556535
          ],
          [
            107.690440300396233,
            36.164984442181535
          ],
          [
            107.729421420187919,
            36.128688869264863
          ],
          [
            107.741709831646233,
            36.123358465619035
          ],
          [
            107.753835482687919,
            36.115912176556535
          ],
          [
            107.773855013937919,
            36.083034572389863
          ],
          [
            107.782969597271233,
            36.075547593223199
          ],
          [
            107.807139519146233,
            36.063421942181535
          ],
          [
            107.937917513937919,
            35.934352931764863
          ],
          [
            107.951752149354547,
            35.907253322389863
          ],
          [
            107.956716342062919,
            35.873846746869035
          ],
          [
            107.954519076437919,
            35.846502996869035
          ],
          [
            107.948008659771233,
            35.820624090619035
          ],
          [
            107.937429232687919,
            35.794948634889863
          ],
          [
            107.922455274354547,
            35.767767645306535
          ],
          [
            107.930918816021233,
            35.748236395306535
          ],
          [
            107.930430534771233,
            35.726345119264863
          ],
          [
            107.922455274354547,
            35.685166733848199
          ],
          [
            107.922373894146233,
            35.664333400514863
          ],
          [
            107.929860873312919,
            35.609442449994035
          ],
          [
            107.929128451437919,
            35.567002671348199
          ],
          [
            107.896494987896233,
            35.444362697389863
          ],
          [
            107.884776237896233,
            35.419460353639863
          ],
          [
            107.880788607687919,
            35.396307684369035
          ],
          [
            107.882253451437919,
            35.346258856244035
          ],
          [
            107.892019076437919,
            35.324896551556535
          ],
          [
            107.934255404562919,
            35.281602280723199
          ],
          [
            107.943614128521233,
            35.260036525514863
          ]
        ]
      }
    },
    {
      "type": "Feature",
      "properties": {
        "dissolve": "1087River",
        "scalerank": 9.0,
        "featurecla": "River",
        "name": "Tuo",
        "name_alt": null,
        "rivernum": 1087,
        "note": null,
        "min_zoom": 7.1,
        "name_en": "Tuo",
        "min_label": 8.1
      },
      "geometry": {
        "type": "LineString",
        "coordinates": [
          [
            103.530528191021233,
            33.067490952598199
          ],
          [
            103.555593295187919,
            33.054958400514863
          ],
          [
            103.573008659771233,
            33.040635483848199
          ],
          [
            103.580739779562919,
            33.021592515098199
          ],
          [
            103.576589388937919,
            32.994737046348199
          ],
          [
            103.568288607687919,
            32.978583074994035
          ],
          [
            103.545827670187919,
            32.949286199994035
          ],
          [
            103.537119987896233,
            32.933457749473199
          ],
          [
            103.532155795187919,
            32.907497463014863
          ],
          [
            103.537608269146233,
            32.886542059369035
          ],
          [
            103.561534050396233,
            32.846136785931535
          ],
          [
            103.577647331646233,
            32.806463934369035
          ],
          [
            103.586192253521233,
            32.796576239056535
          ],
          [
            103.596446159771233,
            32.791286525514863
          ],
          [
            103.606455925396233,
            32.787909246869035
          ],
          [
            103.615651888937919,
            32.783474025514863
          ],
          [
            103.623057487896233,
            32.774847723431535
          ],
          [
            103.626231316021233,
            32.765570379681535
          ],
          [
            103.626719597271233,
            32.755316473431535
          ],
          [
            103.625417513937919,
            32.744330145306535
          ],
          [
            103.622650586854547,
            32.732977606244035
          ],
          [
            103.613454623312919,
            32.700384832806535
          ],
          [
            103.601573112896233,
            32.629502671348199
          ],
          [
            103.601084831646233,
            32.611517645306535
          ],
          [
            103.606862826437919,
            32.591253973431535
          ],
          [
            103.630625847271233,
            32.541612046348199
          ],
          [
            103.709076368104547,
            32.434271551556535
          ],
          [
            103.727061394146233,
            32.403265692181535
          ],
          [
            103.734873894146233,
            32.372585353639863
          ],
          [
            103.735362175396233,
            32.312445379681535
          ],
          [
            103.744558138937919,
            32.281317449994035
          ],
          [
            103.768483920187919,
            32.242783921348199
          ],
          [
            103.775075717062919,
            32.223252671348199
          ],
          [
            103.772959831646233,
            32.199286199994035
          ],
          [
            103.741953972271233,
            32.135036525514863
          ],
          [
            103.729909701437919,
            32.096625067181535
          ],
          [
            103.720876498312919,
            32.079372463014863
          ],
          [
            103.706634961854547,
            32.065619207806535
          ],
          [
            103.695404493104547,
            32.050563869264863
          ],
          [
            103.689870638937919,
            32.027899481244035
          ],
          [
            103.683441602479547,
            31.941514390098199
          ],
          [
            103.690033399354547,
            31.903143621869035
          ],
          [
            103.704519076437919,
            31.867621160931535
          ],
          [
            103.726573112896233,
            31.835882879681535
          ],
          [
            103.758067253521233,
            31.810410874473199
          ],
          [
            103.831716342062919,
            31.768418686973199
          ],
          [
            103.857188347271233,
            31.741644598431535
          ],
          [
            103.859466993104547,
            31.708319403119035
          ],
          [
            103.839366081646233,
            31.674139715619035
          ],
          [
            103.702891472271233,
            31.552191473431535
          ],
          [
            103.679779493104547,
            31.526556707806535
          ],
          [
            103.652842644146233,
            31.506170965619035
          ],
          [
            103.593679232687919,
            31.480658270306535
          ],
          [
            103.566172722271233,
            31.459824936973199
          ],
          [
            103.489675326437919,
            31.359564520306535
          ],
          [
            103.471202019146233,
            31.32717519738987
          ],
          [
            103.470306836854547,
            31.29055410363987
          ],
          [
            103.490244987896233,
            31.218085028119035
          ],
          [
            103.492686394146233,
            31.195746160931535
          ],
          [
            103.469004753521233,
            31.03396230676487
          ],
          [
            103.472097201437919,
            31.013617254681535
          ],
          [
            103.483490430604547,
            31.010687567181535
          ],
          [
            103.558116081646233,
            31.034613348431535
          ],
          [
            103.570892774354547,
            31.035956121869035
          ],
          [
            103.583750847271233,
            31.031561590619035
          ],
          [
            103.634043816021233,
            31.006944077598199
          ],
          [
            103.657969597271233,
            31.024359442181535
          ],
          [
            103.681651237896233,
            31.03469472863987
          ],
          [
            103.706553581646233,
            31.037543035931535
          ],
          [
            103.734629753521233,
            31.032782293744035
          ],
          [
            103.757823112896233,
            31.02297597863987
          ],
          [
            103.772227409771233,
            31.010565496869035
          ],
          [
            103.799408399354547,
            30.978216864056535
          ],
          [
            103.835459831646233,
            30.955145574994035
          ],
          [
            103.886485222271233,
            30.93459707238987
          ],
          [
            103.939952019146233,
            30.920030015098199
          ],
          [
            103.983002149354547,
            30.914903061973199
          ],
          [
            104.282806836854547,
            30.927842515098199
          ],
          [
            104.348399284771233,
            30.920030015098199
          ],
          [
            104.405284050396233,
            30.888495184369035
          ],
          [
            104.421641472271233,
            30.869208074994035
          ],
          [
            104.447194857687919,
            30.827500718223199
          ],
          [
            104.461924675396233,
            30.809027410931535
          ],
          [
            104.469493034771233,
            30.80324941613987
          ],
          [
            104.486094597271233,
            30.79397207238987
          ],
          [
            104.493256055604547,
            30.787705796348199
          ],
          [
            104.498220248312919,
            30.77810293176487
          ],
          [
            104.501963737896233,
            30.759385483848199
          ],
          [
            104.509776237896233,
            30.751044012494035
          ],
          [
            104.533213737896233,
            30.733994858848199
          ],
          [
            104.542897982687919,
            30.720648504681535
          ],
          [
            104.541270378521233,
            30.704209702598199
          ],
          [
            104.520762566021233,
            30.66115957238987
          ],
          [
            104.511810743104547,
            30.646918035931535
          ],
          [
            104.506114128521233,
            30.633490301556535
          ],
          [
            104.506114128521233,
            30.618353582806535
          ],
          [
            104.512136263937919,
            30.609442449994035
          ],
          [
            104.523692253521233,
            30.611029364056535
          ],
          [
            104.520762566021233,
            30.600043035931535
          ],
          [
            104.515228711854547,
            30.59450918176487
          ],
          [
            104.506927930604547,
            30.591009832806535
          ],
          [
            104.498952670187919,
            30.586004949994035
          ],
          [
            104.494558138937919,
            30.575628973431535
          ],
          [
            104.497080925396233,
            30.565741278119035
          ],
          [
            104.520518425396233,
            30.537217515098199
          ],
          [
            104.521006706646233,
            30.527533270306535
          ],
          [
            104.517995638937919,
            30.517930405723199
          ],
          [
            104.519053581646233,
            30.51174550988987
          ],
          [
            104.532237175396233,
            30.512152410931535
          ],
          [
            104.545909050396233,
            30.508164780723199
          ],
          [
            104.557627800396233,
            30.494330145306535
          ],
          [
            104.564545118104547,
            30.476752020306535
          ],
          [
            104.564056836854547,
            30.46169668176487
          ],
          [
            104.548920118104547,
            30.444891668744035
          ],
          [
            104.536062045187919,
            30.441351629681535
          ],
          [
            104.534190300396233,
            30.434271551556535
          ],
          [
            104.576101107687919,
            30.371405340619035
          ],
          [
            104.588308138937919,
            30.358954168744035
          ],
          [
            104.605723503521233,
            30.348496811973199
          ],
          [
            104.613047722271233,
            30.348089910931535
          ],
          [
            104.620371941021233,
            30.35012441613987
          ],
          [
            104.627533399354547,
            30.34988027551487
          ],
          [
            104.634287956646233,
            30.342596746869035
          ],
          [
            104.642995638937919,
            30.329209702598199
          ],
          [
            104.673920118104547,
            30.295721746869035
          ],
          [
            104.653086784771233,
            30.292181707806535
          ],
          [
            104.647634310812919,
            30.279730535931535
          ],
          [
            104.644053581646233,
            30.263535874473199
          ],
          [
            104.628347201437919,
            30.248643296348199
          ],
          [
            104.636322461854547,
            30.232041733848199
          ],
          [
            104.704274935812919,
            30.172919012494035
          ],
          [
            104.705007357687919,
            30.150091864056535
          ],
          [
            104.673269076437919,
            30.13479238488987
          ],
          [
            104.667002800396233,
            30.126410223431535
          ],
          [
            104.662852409771233,
            30.106146551556535
          ],
          [
            104.662364128521233,
            30.102647202598199
          ],
          [
            104.660248243104547,
            30.097723699994035
          ],
          [
            104.653330925396233,
            30.086249090619035
          ],
          [
            104.652598503521233,
            30.081244207806535
          ],
          [
            104.656341993104547,
            30.075751043744035
          ],
          [
            104.662038607687919,
            30.07400136926487
          ],
          [
            104.667572461854547,
            30.072862046348199
          ],
          [
            104.671397331646233,
            30.06960683801487
          ],
          [
            104.682627800396233,
            30.03738027551487
          ],
          [
            104.683116081646233,
            30.028998114056535
          ],
          [
            104.677744987896233,
            30.022813218223199
          ],
          [
            104.660492383729547,
            30.014349676556535
          ],
          [
            104.655202670187919,
            30.004990952598199
          ],
          [
            104.659108920187919,
            30.000677801556535
          ],
          [
            104.670990430604547,
            29.970648504681535
          ],
          [
            104.669525586854547,
            29.967352606244035
          ],
          [
            104.674327019146233,
            29.96242910363987
          ],
          [
            104.678640170187919,
            29.959173895306535
          ],
          [
            104.685557487896233,
            29.957139390098199
          ],
          [
            104.714121941021233,
            29.954169012494035
          ],
          [
            104.720876498312919,
            29.951727606244035
          ],
          [
            104.724050326437919,
            29.945257879681535
          ],
          [
            104.731374545187919,
            29.91921621301487
          ],
          [
            104.735036654562919,
            29.911078192181535
          ],
          [
            104.741709831646233,
            29.904608465619035
          ],
          [
            104.753347201437919,
            29.897162176556535
          ],
          [
            104.762787305604547,
            29.887315171348199
          ],
          [
            104.764414909771233,
            29.876898504681535
          ],
          [
            104.764659050396233,
            29.866807358848199
          ],
          [
            104.770030144146233,
            29.85818105676487
          ],
          [
            104.786794467062919,
            29.84890371301487
          ],
          [
            104.825124545187919,
            29.834824936973199
          ],
          [
            104.841237826437919,
            29.82253652551487
          ],
          [
            104.849864128521233,
            29.808701890098199
          ],
          [
            104.855072461854547,
            29.795965887494035
          ],
          [
            104.862640821229547,
            29.784735418744035
          ],
          [
            104.877614779562919,
            29.775580145306535
          ],
          [
            104.892995638937919,
            29.773301499473199
          ],
          [
            104.924327019146233,
            29.774603582806535
          ],
          [
            104.938568555604547,
            29.76906972863987
          ],
          [
            104.958018425396233,
            29.745225327598199
          ],
          [
            105.004242383729547,
            29.646836655723199
          ],
          [
            105.038503451437919,
            29.597479559369035
          ],
          [
            105.083018425396233,
            29.570990301556535
          ],
          [
            105.101166211854547,
            29.551825262494035
          ],
          [
            105.092458529562919,
            29.531073309369035
          ],
          [
            105.076182487896233,
            29.53005605676487
          ],
          [
            105.063243034771233,
            29.543036199994035
          ],
          [
            105.050954623312919,
            29.552110093223199
          ],
          [
            105.037608269146233,
            29.539740301556535
          ],
          [
            105.030772331646233,
            29.51638418176487
          ],
          [
            105.023855013937919,
            29.513617254681535
          ],
          [
            105.007904493104547,
            29.524603582806535
          ],
          [
            105.011973503521233,
            29.512803452598199
          ],
          [
            105.025401237896233,
            29.489081121869035
          ],
          [
            105.028412305604547,
            29.477484442181535
          ],
          [
            105.025401237896233,
            29.465643621869035
          ],
          [
            105.018890821229547,
            29.45510488488987
          ],
          [
            105.014252149354547,
            29.445013739056535
          ],
          [
            105.017670118104547,
            29.43484121301487
          ],
          [
            105.031179232687919,
            29.41164785363987
          ],
          [
            105.031504753521233,
            29.390448309369035
          ],
          [
            105.004893425396233,
            29.308661199994035
          ],
          [
            105.001068555604547,
            29.286566473431535
          ],
          [
            105.000010612896233,
            29.269842840619035
          ],
          [
            105.010183138937919,
            29.224473374473199
          ],
          [
            105.008555534771233,
            29.201768296348199
          ],
          [
            104.992116732687919,
            29.185492254681535
          ],
          [
            104.975352409771233,
            29.17556386926487
          ],
          [
            104.961436394146233,
            29.160996811973199
          ],
          [
            104.956065300396233,
            29.143500067181535
          ],
          [
            104.965342644146233,
            29.12453847863987
          ],
          [
            104.977142774354547,
            29.118028061973199
          ],
          [
            104.985606316021233,
            29.122666733848199
          ],
          [
            104.993662956646233,
            29.128770249473199
          ],
          [
            105.004649284771233,
            29.126572983848199
          ],
          [
            105.012543164979547,
            29.117987371869035
          ],
          [
            105.015879753521233,
            29.109076239056535
          ],
          [
            105.020518425396233,
            29.100694077598199
          ],
          [
            105.031667513937919,
            29.09402090051487
          ],
          [
            105.038991732687919,
            29.095322983848199
          ],
          [
            105.046885612896233,
            29.100653387494035
          ],
          [
            105.055186394146233,
            29.105047918744035
          ],
          [
            105.063731316021233,
            29.103379624473199
          ],
          [
            105.065358920187919,
            29.09548574426487
          ],
          [
            105.064870638937919,
            29.064276434369035
          ],
          [
            105.071299675396233,
            29.050848699994035
          ],
          [
            105.076182487896233,
            29.049750067181535
          ],
          [
            105.084890170187919,
            29.04958730676487
          ],
          [
            105.095306836854547,
            29.047064520306535
          ],
          [
            105.115000847271233,
            29.031927801556535
          ],
          [
            105.137705925396233,
            29.02151113488987
          ],
          [
            105.163015170187919,
            29.013006903119035
          ],
          [
            105.177419467062919,
            29.010321356244035
          ],
          [
            105.191905144146233,
            29.009833074994035
          ],
          [
            105.206472201437919,
            29.011908270306535
          ],
          [
            105.220225456646233,
            29.006415106244035
          ],
          [
            105.232595248312919,
            28.989569403119035
          ],
          [
            105.243662956646233,
            28.970770574994035
          ],
          [
            105.252940300396233,
            28.959540106244035
          ],
          [
            105.254486524354547,
            28.962713934369035
          ],
          [
            105.259287956646233,
            28.968858140098199
          ],
          [
            105.266368034771233,
            28.973822332806535
          ],
          [
            105.274912956646233,
            28.973089910931535
          ],
          [
            105.280935092062919,
            28.966009832806535
          ],
          [
            105.283213737896233,
            28.956244207806535
          ],
          [
            105.284108920187919,
            28.947129624473199
          ],
          [
            105.285573763937919,
            28.942084051556535
          ],
          [
            105.299082878521233,
            28.935899155723199
          ],
          [
            105.315358920187919,
            28.935655015098199
          ],
          [
            105.331634961854547,
            28.940985418744035
          ],
          [
            105.344899935812919,
            28.951727606244035
          ],
          [
            105.356455925396233,
            28.926703192181535
          ],
          [
            105.384043816021233,
            28.90359121301487
          ],
          [
            105.417084180604547,
            28.890082098431535
          ],
          [
            105.445241732687919,
            28.894151108848199
          ]
        ]
      }
    },
    {
      "type": "Feature",
      "properties": {
        "dissolve": "13River",
        "scalerank": 1.0,
        "featurecla": "River",
        "name": "Tongtian",
        "name_alt": null,
        "rivernum": 13,
        "note": null,
        "min_zoom": 2.0,
        "name_en": "Tongtian",
        "min_label": 3.0
      },
      "geometry": {
        "type": "LineString",
        "coordinates": [
          [
            92.992767774354547,
            34.100287176556535
          ],
          [
            93.011729362896233,
            34.108587957806535
          ],
          [
            93.019216342062919,
            34.124375718223199
          ],
          [
            93.024343295187919,
            34.145046291139863
          ],
          [
            93.034190300396233,
            34.163031317181535
          ],
          [
            93.056162956646233,
            34.170681056764863
          ],
          [
            93.070323112896233,
            34.178819077598199
          ],
          [
            93.112640821229547,
            34.215847072389863
          ],
          [
            93.128428581646233,
            34.225897528119035
          ],
          [
            93.170420769146233,
            34.232285874473199
          ],
          [
            93.348155144146233,
            34.232123114056535
          ],
          [
            93.359873894146233,
            34.229274806764863
          ],
          [
            93.382497592062919,
            34.220322983848199
          ],
          [
            93.392019076437919,
            34.218451239056535
          ],
          [
            93.414235873312919,
            34.220567124473199
          ],
          [
            93.454844597271233,
            34.229925848431535
          ],
          [
            93.477305534771233,
            34.232123114056535
          ],
          [
            93.499278191021233,
            34.230047918744035
          ],
          [
            93.542979362896233,
            34.220648504681535
          ],
          [
            93.662852409771233,
            34.211696681764863
          ],
          [
            93.699636263937919,
            34.217881577598199
          ],
          [
            93.748627149354547,
            34.232285874473199
          ],
          [
            93.792491081646233,
            34.251817124473199
          ],
          [
            93.813731316021233,
            34.273057358848199
          ],
          [
            93.811534050396233,
            34.290391343223199
          ],
          [
            93.806569857687919,
            34.305731512494035
          ],
          [
            93.811127149354547,
            34.316717840619035
          ],
          [
            93.837575717062919,
            34.320908921348199
          ],
          [
            93.849864128521233,
            34.327337957806535
          ],
          [
            93.860850456646233,
            34.342108465619035
          ],
          [
            93.875091993104547,
            34.369330145306535
          ],
          [
            93.893077019146233,
            34.391424871869035
          ],
          [
            93.900319857687919,
            34.403672593223199
          ],
          [
            93.906830274354547,
            34.441270249473199
          ],
          [
            93.917246941021233,
            34.453558660931535
          ],
          [
            93.950205925396233,
            34.472357489056535
          ],
          [
            93.973155144146233,
            34.471299546348199
          ],
          [
            94.001068555604547,
            34.491766668744035
          ],
          [
            94.057627800396233,
            34.552679754681535
          ],
          [
            94.068125847271233,
            34.561346746869035
          ],
          [
            94.082286003521233,
            34.566717840619035
          ],
          [
            94.120616081646233,
            34.571478582806535
          ],
          [
            94.152191602479547,
            34.584906317181535
          ],
          [
            94.169444206646233,
            34.589056707806535
          ],
          [
            94.205170118104547,
            34.587347723431535
          ],
          [
            94.237233920187919,
            34.582220770306535
          ],
          [
            94.264577670187919,
            34.583766994264863
          ],
          [
            94.286631706646233,
            34.602077541139863
          ],
          [
            94.295827670187919,
            34.620672918744035
          ],
          [
            94.300384961854547,
            34.633653061973199
          ],
          [
            94.307627800396233,
            34.641180731244035
          ],
          [
            94.324229362896233,
            34.643622137494035
          ],
          [
            94.337168816021233,
            34.651149806764863
          ],
          [
            94.344493034771233,
            34.664658921348199
          ],
          [
            94.351166211854547,
            34.670965887494035
          ],
          [
            94.362315300396233,
            34.656683660931535
          ],
          [
            94.375498894146233,
            34.676540431764863
          ],
          [
            94.392344597271233,
            34.684393621869035
          ],
          [
            94.433685743104547,
            34.684597072389863
          ],
          [
            94.451752149354547,
            34.687689520306535
          ],
          [
            94.475840691021233,
            34.695339259889863
          ],
          [
            94.496755404562919,
            34.705186265098199
          ],
          [
            94.505788607687919,
            34.715033270306535
          ],
          [
            94.521413607687919,
            34.744696356244035
          ],
          [
            94.558441602479547,
            34.764024155723199
          ],
          [
            94.602468295187919,
            34.767523504681535
          ],
          [
            94.638926628521233,
            34.749823309369035
          ],
          [
            94.652354362896233,
            34.741278387494035
          ],
          [
            94.883392774354547,
            34.700954494264863
          ],
          [
            94.917897982687919,
            34.686346746869035
          ],
          [
            94.943939649354547,
            34.663519598431535
          ],
          [
            94.967458529562919,
            34.670599676556535
          ],
          [
            94.977793816021233,
            34.650091864056535
          ],
          [
            94.982351107687919,
            34.622626043744035
          ],
          [
            94.989024284771233,
            34.608913478639863
          ],
          [
            94.997813347271233,
            34.604600327598199
          ],
          [
            95.006765170187919,
            34.585801499473199
          ],
          [
            95.016205274354547,
            34.581610418744035
          ],
          [
            95.038096550396233,
            34.581122137494035
          ],
          [
            95.046885612896233,
            34.579169012494035
          ],
          [
            95.053802930604547,
            34.574774481244035
          ],
          [
            95.057627800396233,
            34.566107489056535
          ],
          [
            95.061127149354547,
            34.542669989056535
          ],
          [
            95.067474805604547,
            34.533799546348199
          ],
          [
            95.079519076437919,
            34.529893296348199
          ],
          [
            95.101084831646233,
            34.534450588014863
          ],
          [
            95.111501498312919,
            34.530707098431535
          ],
          [
            95.156260612896233,
            34.492621160931535
          ],
          [
            95.169932487896233,
            34.486029364056535
          ],
          [
            95.179128451437919,
            34.488145249473199
          ],
          [
            95.188487175396233,
            34.494330145306535
          ],
          [
            95.198985222271233,
            34.499701239056535
          ],
          [
            95.211436394146233,
            34.499619858848199
          ],
          [
            95.218841993104547,
            34.492499090619035
          ],
          [
            95.228526237896233,
            34.469753322389863
          ],
          [
            95.235362175396233,
            34.464911199994035
          ],
          [
            95.246674024354547,
            34.466091213014863
          ],
          [
            95.266123894146233,
            34.471218166139863
          ],
          [
            95.276377800396233,
            34.472357489056535
          ],
          [
            95.287608269146233,
            34.469549871869035
          ],
          [
            95.303965691021233,
            34.458848374473199
          ],
          [
            95.313975456646233,
            34.458685614056535
          ],
          [
            95.316172722271233,
            34.463242905723199
          ],
          [
            95.315521680604547,
            34.471543686973199
          ],
          [
            95.317556185812919,
            34.480292059369035
          ],
          [
            95.327565951437919,
            34.486029364056535
          ],
          [
            95.338389519146233,
            34.485907293744035
          ],
          [
            95.344737175396233,
            34.481024481244035
          ],
          [
            95.347992383729547,
            34.472601629681535
          ],
          [
            95.348643425396233,
            34.461778061973199
          ],
          [
            95.357920769146233,
            34.459580796348199
          ],
          [
            95.410166862896233,
            34.417751369264863
          ],
          [
            95.445078972271233,
            34.379665431764863
          ],
          [
            95.466563347271233,
            34.362616278119035
          ],
          [
            95.492605013937919,
            34.348822332806535
          ],
          [
            95.555918816021233,
            34.329942124473199
          ],
          [
            95.578054232687919,
            34.311143296348199
          ],
          [
            95.567800326437919,
            34.280544338014863
          ],
          [
            95.574961784771233,
            34.275824285931535
          ],
          [
            95.588877800396233,
            34.259466864056535
          ],
          [
            95.582937045187919,
            34.253933009889863
          ],
          [
            95.574717644146233,
            34.243760483848199
          ],
          [
            95.567800326437919,
            34.238959051556535
          ],
          [
            95.575450066021233,
            34.231634832806535
          ],
          [
            95.585459831646233,
            34.226182358848199
          ],
          [
            95.596202019146233,
            34.224676824994035
          ],
          [
            95.617605013937919,
            34.233832098431535
          ],
          [
            95.627858920187919,
            34.229437567181535
          ],
          [
            95.637299024354547,
            34.222276108848199
          ],
          [
            95.646576368104547,
            34.218451239056535
          ],
          [
            95.666595899354547,
            34.213690496869035
          ],
          [
            95.680267774354547,
            34.200791733848199
          ],
          [
            95.688080274354547,
            34.182196356244035
          ],
          [
            95.690684441021233,
            34.160183009889863
          ],
          [
            95.695323112896233,
            34.142645574994035
          ],
          [
            95.706634961854547,
            34.129177150514863
          ],
          [
            95.788828972271233,
            34.063421942181535
          ],
          [
            95.794362826437919,
            34.053330796348199
          ],
          [
            95.825856967062919,
            34.051865952598199
          ],
          [
            95.848399284771233,
            34.015082098431535
          ],
          [
            95.865000847271233,
            33.971787827598199
          ],
          [
            95.879649284771233,
            33.950954494264863
          ],
          [
            95.889659050396233,
            33.949408270306535
          ],
          [
            95.894786003521233,
            33.944850978639863
          ],
          [
            95.896494987896233,
            33.937445379681535
          ],
          [
            95.898203972271233,
            33.914374090619035
          ],
          [
            95.902354362896233,
            33.912543035931535
          ],
          [
            95.908702019146233,
            33.913845119264863
          ],
          [
            95.917246941021233,
            33.909979559369035
          ],
          [
            95.933848503521233,
            33.894598699994035
          ],
          [
            95.951101107687919,
            33.882432358848199
          ],
          [
            95.970144076437919,
            33.873724676556535
          ],
          [
            95.992930534771233,
            33.869004624473199
          ],
          [
            95.987071159771233,
            33.843207098431535
          ],
          [
            96.007741732687919,
            33.833807684369035
          ],
          [
            96.034759961854547,
            33.829169012494035
          ],
          [
            96.048106316021233,
            33.817490952598199
          ],
          [
            96.066905144146233,
            33.810248114056535
          ],
          [
            96.101980013937919,
            33.805934963014863
          ],
          [
            96.122080925396233,
            33.797919012494035
          ],
          [
            96.095876498312919,
            33.779649155723199
          ],
          [
            96.130625847271233,
            33.764837957806535
          ],
          [
            96.147064649354547,
            33.762722072389863
          ],
          [
            96.160736524354547,
            33.769720770306535
          ],
          [
            96.167246941021233,
            33.770860093223199
          ],
          [
            96.175303581646233,
            33.768011785931535
          ],
          [
            96.181895378521233,
            33.767767645306535
          ],
          [
            96.184825066021233,
            33.776556707806535
          ],
          [
            96.188731316021233,
            33.781765041139863
          ],
          [
            96.198171420187919,
            33.784979559369035
          ],
          [
            96.209239128521233,
            33.786444403119035
          ],
          [
            96.218272331646233,
            33.786444403119035
          ],
          [
            96.214284701437919,
            33.779852606244035
          ],
          [
            96.211436394146233,
            33.773464259889863
          ],
          [
            96.220469597271233,
            33.772569077598199
          ],
          [
            96.226980013937919,
            33.768500067181535
          ],
          [
            96.230479362896233,
            33.761419989056535
          ],
          [
            96.231944206646233,
            33.751735744264863
          ],
          [
            96.197764519146233,
            33.746161199994035
          ],
          [
            96.205088737896233,
            33.735541082806535
          ],
          [
            96.227305534771233,
            33.738592840619035
          ],
          [
            96.231944206646233,
            33.728786525514863
          ],
          [
            96.234629753521233,
            33.717962957806535
          ],
          [
            96.241465691021233,
            33.720526434369035
          ],
          [
            96.249278191021233,
            33.728094793744035
          ],
          [
            96.256114128521233,
            33.732489324994035
          ],
          [
            96.293955925396233,
            33.738714910931535
          ],
          [
            96.306407097271233,
            33.737127996869035
          ],
          [
            96.310476107687919,
            33.733181056764863
          ],
          [
            96.314707878521233,
            33.731878973431535
          ],
          [
            96.328135612896233,
            33.738714910931535
          ],
          [
            96.351654493104547,
            33.762030340619035
          ],
          [
            96.359060092062919,
            33.765977280723199
          ],
          [
            96.372080925396233,
            33.762884832806535
          ],
          [
            96.392344597271233,
            33.749294338014863
          ],
          [
            96.400075717062919,
            33.746161199994035
          ],
          [
            96.405772331646233,
            33.739121811973199
          ],
          [
            96.397715691021233,
            33.701768296348199
          ],
          [
            96.403819206646233,
            33.684108791139863
          ],
          [
            96.430186394146233,
            33.690863348431535
          ],
          [
            96.455983920187919,
            33.679551499473199
          ],
          [
            96.500010612896233,
            33.643133856244035
          ],
          [
            96.487803581646233,
            33.635687567181535
          ],
          [
            96.472097201437919,
            33.628851629681535
          ],
          [
            96.472097201437919,
            33.622626043744035
          ],
          [
            96.522227409771233,
            33.620672918744035
          ],
          [
            96.577565951437919,
            33.611151434369035
          ],
          [
            96.617767774354547,
            33.588405666139863
          ],
          [
            96.623545769146233,
            33.546901759889863
          ],
          [
            96.636647982687919,
            33.551825262494035
          ],
          [
            96.651866081646233,
            33.553737697389863
          ],
          [
            96.681569857687919,
            33.553737697389863
          ],
          [
            96.700694206646233,
            33.547308660931535
          ],
          [
            96.708913607687919,
            33.533270574994035
          ],
          [
            96.706716342062919,
            33.519110418744035
          ],
          [
            96.695241732687919,
            33.512762762494035
          ],
          [
            96.689463737896233,
            33.506130275514863
          ],
          [
            96.694021029562919,
            33.491644598431535
          ],
          [
            96.705495638937919,
            33.471787827598199
          ],
          [
            96.707041862896233,
            33.465521551556535
          ],
          [
            96.706716342062919,
            33.461249090619035
          ],
          [
            96.708506706646233,
            33.456325588014863
          ],
          [
            96.722748243104547,
            33.439479884889863
          ],
          [
            96.722178581646233,
            33.434149481244035
          ],
          [
            96.715830925396233,
            33.431504624473199
          ],
          [
            96.705495638937919,
            33.430853582806535
          ],
          [
            96.705495638937919,
            33.423407293744035
          ],
          [
            96.714691602479547,
            33.419216213014863
          ],
          [
            96.721934441021233,
            33.413194077598199
          ],
          [
            96.727956576437919,
            33.405625718223199
          ],
          [
            96.732839388937919,
            33.396673895306535
          ],
          [
            96.734629753521233,
            33.405462957806535
          ],
          [
            96.737315300396233,
            33.409247137494035
          ],
          [
            96.743093295187919,
            33.409979559369035
          ],
          [
            96.753347201437919,
            33.409735418744035
          ],
          [
            96.746511263937919,
            33.396673895306535
          ],
          [
            96.764903191021233,
            33.397487697389863
          ],
          [
            96.772715691021233,
            33.388780015098199
          ],
          [
            96.774099154562919,
            33.373846746869035
          ],
          [
            96.773692253521233,
            33.355739650514863
          ],
          [
            96.785085482687919,
            33.364081121869035
          ],
          [
            96.789154493104547,
            33.386175848431535
          ],
          [
            96.800954623312919,
            33.389837957806535
          ],
          [
            96.793549024354547,
            33.375555731244035
          ],
          [
            96.802989128521233,
            33.367499090619035
          ],
          [
            96.828298373312919,
            33.313544012494035
          ],
          [
            96.832611524354547,
            33.321112371869035
          ],
          [
            96.837412956646233,
            33.326239324994035
          ],
          [
            96.848887566021233,
            33.334580796348199
          ],
          [
            96.853444857687919,
            33.325059311973199
          ],
          [
            96.858978711854547,
            33.322129624473199
          ],
          [
            96.865651888937919,
            33.324571030723199
          ],
          [
            96.873057487896233,
            33.330877996869035
          ],
          [
            96.880788607687919,
            33.332790431764863
          ],
          [
            96.917735222271233,
            33.327175197389863
          ],
          [
            96.936534050396233,
            33.332953192181535
          ],
          [
            96.950856967062919,
            33.342637436973199
          ],
          [
            96.963959180604547,
            33.348211981244035
          ],
          [
            96.979340039979547,
            33.341416733848199
          ],
          [
            96.976735873312919,
            33.337184963014863
          ],
          [
            96.976735873312919,
            33.336208400514863
          ],
          [
            96.978037956646233,
            33.334295965619035
          ],
          [
            96.979340039979547,
            33.327175197389863
          ],
          [
            96.985606316021233,
            33.334336655723199
          ],
          [
            96.991465691021233,
            33.337958074994035
          ],
          [
            97.007090691021233,
            33.341416733848199
          ],
          [
            97.004486524354547,
            33.334580796348199
          ],
          [
            96.999766472271233,
            33.313544012494035
          ],
          [
            97.020437045187919,
            33.320176499473199
          ],
          [
            97.022227409771233,
            33.300645249473199
          ],
          [
            97.017181836854547,
            33.273138739056535
          ],
          [
            97.017100456646233,
            33.255804754681535
          ],
          [
            97.022227409771233,
            33.245388088014863
          ],
          [
            97.019053581646233,
            33.225165106244035
          ],
          [
            97.023936394146233,
            33.214463608848199
          ],
          [
            97.047373894146233,
            33.183783270306535
          ],
          [
            97.083994987896233,
            33.156683660931535
          ],
          [
            97.103770378521233,
            33.146307684369035
          ],
          [
            97.120127800396233,
            33.142197983848199
          ],
          [
            97.134287956646233,
            33.133246160931535
          ],
          [
            97.174815300396233,
            33.067084051556535
          ],
          [
            97.180918816021233,
            33.052557684369035
          ],
          [
            97.185313347271233,
            33.046657619264863
          ],
          [
            97.195811394146233,
            33.039618231244035
          ],
          [
            97.220225456646233,
            33.029730535931535
          ],
          [
            97.229991081646233,
            33.022731838014863
          ],
          [
            97.240814649354547,
            33.003973699994035
          ],
          [
            97.246022982687919,
            32.964911199994035
          ],
          [
            97.253509961854547,
            32.944199936973199
          ],
          [
            97.267344597271233,
            32.931179103639863
          ],
          [
            97.287852409771233,
            32.922471421348199
          ],
          [
            97.310638868104547,
            32.917792059369035
          ],
          [
            97.331716342062919,
            32.916286525514863
          ],
          [
            97.346934441021233,
            32.910752671348199
          ],
          [
            97.360769076437919,
            32.896999416139863
          ],
          [
            97.371348503521233,
            32.879177150514863
          ],
          [
            97.376963737896233,
            32.861639715619035
          ],
          [
            97.383799675396233,
            32.779120184369035
          ],
          [
            97.391368034771233,
            32.761542059369035
          ],
          [
            97.424815300396233,
            32.724473374473199
          ],
          [
            97.426768425396233,
            32.716579494264863
          ],
          [
            97.427012566021233,
            32.707586981244035
          ],
          [
            97.430430534771233,
            32.700222072389863
          ],
          [
            97.441742383729547,
            32.697211004681535
          ],
          [
            97.447683138937919,
            32.694281317181535
          ],
          [
            97.465830925396233,
            32.676703192181535
          ],
          [
            97.559092644146233,
            32.629706121869035
          ],
          [
            97.565440300396233,
            32.624823309369035
          ],
          [
            97.573985222271233,
            32.621283270306535
          ],
          [
            97.594493034771233,
            32.623561916139863
          ],
          [
            97.603037956646233,
            32.621446030723199
          ],
          [
            97.607513868104547,
            32.614610093223199
          ],
          [
            97.616953972271233,
            32.592637436973199
          ],
          [
            97.620371941021233,
            32.587958074994035
          ],
          [
            97.663584831646233,
            32.559841213014863
          ],
          [
            97.817556185812919,
            32.513210353639863
          ],
          [
            97.837819857687919,
            32.511501369264863
          ],
          [
            97.856211784771233,
            32.519069728639863
          ],
          [
            97.886647982687919,
            32.497585353639863
          ],
          [
            98.013926628521233,
            32.464422918744035
          ],
          [
            98.066742383729547,
            32.422715561973199
          ],
          [
            98.075856967062919,
            32.412909246869035
          ],
          [
            98.080332878521233,
            32.404608465619035
          ],
          [
            98.090749545187919,
            32.401678778119035
          ],
          [
            98.113454623312919,
            32.402370509889863
          ],
          [
            98.122813347271233,
            32.400213934369035
          ],
          [
            98.129242383729547,
            32.394964910931535
          ],
          [
            98.135264519146233,
            32.388251043744035
          ],
          [
            98.144216342062919,
            32.381903387494035
          ],
          [
            98.187266472271233,
            32.366644598431535
          ],
          [
            98.205577019146233,
            32.355576890098199
          ],
          [
            98.213145378521233,
            32.337754624473199
          ],
          [
            98.211680534771233,
            32.296169338014863
          ],
          [
            98.213308138937919,
            32.273057358848199
          ],
          [
            98.219899935812919,
            32.252142645306535
          ],
          [
            98.271494987896233,
            32.190700588014863
          ],
          [
            98.309255404562919,
            32.128607489056535
          ],
          [
            98.374522331646233,
            32.080349025514863
          ],
          [
            98.384369336854547,
            32.063421942181535
          ],
          [
            98.393321159771233,
            32.040065822389863
          ],
          [
            98.436534050396233,
            32.003729559369035
          ],
          [
            98.452728711854547,
            31.983994858848199
          ],
          [
            98.456472201437919,
            31.960394598431535
          ],
          [
            98.452728711854547,
            31.932888088014863
          ],
          [
            98.444834831646233,
            31.907904364056535
          ],
          [
            98.435313347271233,
            31.892157293744035
          ],
          [
            98.422780795187919,
            31.881618556764863
          ],
          [
            98.418874545187919,
            31.879828192181535
          ],
          [
            98.420502149354547,
            31.878119207806535
          ],
          [
            98.435069206646233,
            31.838324285931535
          ],
          [
            98.434580925396233,
            31.824571030723199
          ],
          [
            98.425384961854547,
            31.813299871869035
          ],
          [
            98.445323112896233,
            31.803534246869035
          ],
          [
            98.468272331646233,
            31.766791082806535
          ],
          [
            98.501231316021233,
            31.749701239056535
          ],
          [
            98.541514519146233,
            31.689764715619035
          ]
        ]
      }
    },
    {
      "type": "Feature",
      "properties": {
        "dissolve": "15River",
        "scalerank": 1.0,
        "featurecla": "River",
        "name": "Jinsha",
        "name_alt": "Yangtze",
        "rivernum": 15,
        "note": null,
        "min_zoom": 2.0,
        "name_en": "Yangtze",
        "min_label": 3.0
      },
      "geometry": {
        "type": "MultiLineString",
        "coordinates": [
          [
            [
              98.541514519146233,
              31.689764715619035
            ],
            [
              98.547780795187919,
              31.684637762494035
            ],
            [
              98.553233269146233,
              31.681260483848199
            ],
            [
              98.558522982687919,
              31.677028713014863
            ],
            [
              98.563243034771233,
              31.669297593223199
            ],
            [
              98.565684441021233,
              31.660589910931535
            ],
            [
              98.568858269146233,
              31.631781317181535
            ],
            [
              98.575694206646233,
              31.615912176556535
            ],
            [
              98.591888868104547,
              31.598740952598199
            ],
            [
              98.840830925396233,
              31.396795965619035
            ],
            [
              98.864268425396233,
              31.367702541139863
            ],
            [
              98.867442253521233,
              31.364854233848199
            ],
            [
              98.884776237896233,
              31.354030666139863
            ],
            [
              98.874278191021233,
              31.341172593223199
            ],
            [
              98.830577019146233,
              31.298285223431535
            ],
            [
              98.802744987896233,
              31.25783925988987
            ],
            [
              98.781748894146233,
              31.238959051556535
            ],
            [
              98.767588737896233,
              31.230292059369035
            ],
            [
              98.761241081646233,
              31.234198309369035
            ],
            [
              98.755951368104547,
              31.24441152551487
            ],
            [
              98.731374545187919,
              31.277899481244035
            ],
            [
              98.723643425396233,
              31.285101629681535
            ],
            [
              98.713633659771233,
              31.290961004681535
            ],
            [
              98.682546420187919,
              31.315863348431535
            ],
            [
              98.665049675396233,
              31.320502020306535
            ],
            [
              98.648936394146233,
              31.316595770306535
            ],
            [
              98.637624545187919,
              31.309190171348199
            ],
            [
              98.620941602479547,
              31.28884511926487
            ],
            [
              98.611094597271233,
              31.25613027551487
            ],
            [
              98.619883659771233,
              31.187852280723199
            ],
            [
              98.603526237896233,
              31.169623114056535
            ],
            [
              98.612803581646233,
              31.164862371869035
            ],
            [
              98.638438347271233,
              31.159735418744035
            ],
            [
              98.651377800396233,
              31.155381577598199
            ],
            [
              98.692881706646233,
              31.124619858848199
            ],
            [
              98.720876498312919,
              31.066351629681535
            ],
            [
              98.726003451437919,
              31.059637762494035
            ],
            [
              98.745046420187919,
              31.04055410363987
            ],
            [
              98.764659050396233,
              31.015082098431535
            ],
            [
              98.774912956646233,
              31.007432358848199
            ],
            [
              98.796804232687919,
              30.99709707238987
            ],
            [
              98.802744987896233,
              30.990912176556535
            ],
            [
              98.805105013937919,
              30.966253973431535
            ],
            [
              98.797862175396233,
              30.940781968223199
            ],
            [
              98.786062045187919,
              30.91823965051487
            ],
            [
              98.774912956646233,
              30.902167059369035
            ],
            [
              98.787364128521233,
              30.880804754681535
            ],
            [
              98.800791862896233,
              30.867783921348199
            ],
            [
              98.833099805604547,
              30.84353261926487
            ],
            [
              98.880300326437919,
              30.793076890098199
            ],
            [
              98.898448112896233,
              30.778631903119035
            ],
            [
              98.938243034771233,
              30.760199285931535
            ],
            [
              98.954112175396233,
              30.74782949426487
            ],
            [
              98.960459831646233,
              30.727118231244035
            ],
            [
              98.952891472271233,
              30.708115952598199
            ],
            [
              98.935964388937919,
              30.70046621301487
            ],
            [
              98.917409701437919,
              30.694891668744035
            ],
            [
              98.905284050396233,
              30.682440496869035
            ],
            [
              98.905039909771233,
              30.663682358848199
            ],
            [
              98.921885612896233,
              30.623643296348199
            ],
            [
              98.926280144146233,
              30.603867905723199
            ],
            [
              98.927256706646233,
              30.593695379681535
            ],
            [
              98.931569857687919,
              30.579453843223199
            ],
            [
              98.930918816021233,
              30.50002675988987
            ],
            [
              98.932546420187919,
              30.490586655723199
            ],
            [
              98.937998894146233,
              30.485296942181535
            ],
            [
              98.947357618104547,
              30.479112046348199
            ],
            [
              98.956390821229547,
              30.471055405723199
            ],
            [
              98.960459831646233,
              30.459906317181535
            ],
            [
              98.986501498312919,
              30.14431386926487
            ],
            [
              99.029551628521233,
              30.06789785363987
            ],
            [
              99.033946159771233,
              30.055243231244035
            ],
            [
              99.036631706646233,
              29.975531317181535
            ],
            [
              99.043223503521233,
              29.944891668744035
            ],
            [
              99.056081576437919,
              29.915228582806535
            ],
            [
              99.017344597271233,
              29.85329824426487
            ],
            [
              99.005300326437919,
              29.820013739056535
            ],
            [
              99.000661654562919,
              29.78493886926487
            ],
            [
              99.002940300396233,
              29.78103261926487
            ],
            [
              99.012217644146233,
              29.773016668744035
            ],
            [
              99.014414909771233,
              29.76784902551487
            ],
            [
              99.012624545187919,
              29.764715887494035
            ],
            [
              99.003672722271233,
              29.761582749473199
            ],
            [
              99.000661654562919,
              29.756944077598199
            ],
            [
              98.988210482687919,
              29.688584702598199
            ],
            [
              98.986501498312919,
              29.650824285931535
            ],
            [
              98.991791211854547,
              29.634629624473199
            ],
            [
              99.015228711854547,
              29.604356186973199
            ],
            [
              99.023855013937919,
              29.581488348431535
            ],
            [
              99.038584831646233,
              29.567328192181535
            ],
            [
              99.041840039979547,
              29.562363999473199
            ],
            [
              99.041840039979547,
              29.527940171348199
            ],
            [
              99.058685743104547,
              29.41799550988987
            ],
            [
              99.048594597271233,
              29.387640692181535
            ],
            [
              99.058848503521233,
              29.367051499473199
            ],
            [
              99.062754753521233,
              29.348089910931535
            ],
            [
              99.062266472271233,
              29.308213608848199
            ],
            [
              99.067149284771233,
              29.296698309369035
            ],
            [
              99.089854362896233,
              29.266709702598199
            ],
            [
              99.096446159771233,
              29.25051504113987
            ],
            [
              99.108490430604547,
              29.22414785363987
            ],
            [
              99.103933138937919,
              29.092149155723199
            ],
            [
              99.120941602479547,
              28.96462636926487
            ],
            [
              99.117442253521233,
              28.921494858848199
            ],
            [
              99.099050326437919,
              28.85598379113987
            ],
            [
              99.096446159771233,
              28.835882879681535
            ],
            [
              99.100352409771233,
              28.81350332238987
            ],
            [
              99.118662956646233,
              28.770860093223199
            ],
            [
              99.124278191021233,
              28.749579168744035
            ],
            [
              99.123545769146233,
              28.738959051556535
            ],
            [
              99.118093295187919,
              28.720078843223199
            ],
            [
              99.117442253521233,
              28.708604233848199
            ],
            [
              99.120127800396233,
              28.69851308801487
            ],
            [
              99.128672722271233,
              28.677557684369035
            ],
            [
              99.130463086854547,
              28.66457754113987
            ],
            [
              99.134857618104547,
              28.65456777551487
            ],
            [
              99.154063347271233,
              28.64065175988987
            ],
            [
              99.158376498312919,
              28.63015371301487
            ],
            [
              99.160248243104547,
              28.617132879681535
            ],
            [
              99.169200066021233,
              28.602403061973199
            ],
            [
              99.172129753521233,
              28.592596746869035
            ],
            [
              99.171641472271233,
              28.582627671348199
            ],
            [
              99.166514519146233,
              28.565008856244035
            ],
            [
              99.165293816021233,
              28.55471425988987
            ],
            [
              99.175954623312919,
              28.532171942181535
            ],
            [
              99.178802930604547,
              28.523627020306535
            ],
            [
              99.180186394146233,
              28.504706121869035
            ],
            [
              99.178233269146233,
              28.48220449426487
            ],
            [
              99.172129753521233,
              28.463324285931535
            ],
            [
              99.161794467062919,
              28.455389715619035
            ],
            [
              99.162364128521233,
              28.438055731244035
            ],
            [
              99.226654493104547,
              28.339300848431535
            ],
            [
              99.244558138937919,
              28.32180410363987
            ],
            [
              99.254974805604547,
              28.314398504681535
            ],
            [
              99.264903191021233,
              28.311387436973199
            ],
            [
              99.273448112896233,
              28.307237046348199
            ],
            [
              99.274506055604547,
              28.297471421348199
            ],
            [
              99.273203972271233,
              28.286200262494035
            ],
            [
              99.274424675396233,
              28.277207749473199
            ],
            [
              99.278412305604547,
              28.274033921348199
            ],
            [
              99.293060743104547,
              28.264715887494035
            ],
            [
              99.298920118104547,
              28.259873765098199
            ],
            [
              99.304209831646233,
              28.250799871869035
            ],
            [
              99.308441602479547,
              28.240830796348199
            ],
            [
              99.314545118104547,
              28.232774155723199
            ],
            [
              99.326670769146233,
              28.229437567181535
            ],
            [
              99.339447461854547,
              28.224066473431535
            ],
            [
              99.381276888937919,
              28.184434311973199
            ],
            [
              99.388601107687919,
              28.168076890098199
            ],
            [
              99.386485222271233,
              28.139268296348199
            ],
            [
              99.398529493104547,
              28.126410223431535
            ]
          ],
          [
            [
              99.398529493104547,
              28.119574285931535
            ],
            [
              99.391123894146233,
              28.085313218223199
            ],
            [
              99.394541862896233,
              28.04250722863987
            ],
            [
              99.405202670187919,
              28.00051504113987
            ],
            [
              99.449961784771233,
              27.906317449994035
            ],
            [
              99.457774284771233,
              27.868760483848199
            ],
            [
              99.453868034771233,
              27.832220770306535
            ],
            [
              99.446218295187919,
              27.818711655723199
            ],
            [
              99.437510612896233,
              27.809393621869035
            ],
            [
              99.431651237896233,
              27.797715561973199
            ],
            [
              99.432871941021233,
              27.776963608848199
            ],
            [
              99.441335482687919,
              27.75002675988987
            ],
            [
              99.471446159771233,
              27.689032293744035
            ],
            [
              99.480967644146233,
              27.674627996869035
            ],
            [
              99.494151237896233,
              27.65969472863987
            ],
            [
              99.514577670187919,
              27.657538153119035
            ],
            [
              99.523041211854547,
              27.65359121301487
            ],
            [
              99.518483920187919,
              27.643500067181535
            ],
            [
              99.518646680604547,
              27.63772207238987
            ],
            [
              99.522552930604547,
              27.628241278119035
            ],
            [
              99.525401237896233,
              27.61672597863987
            ],
            [
              99.521494987896233,
              27.605047918744035
            ],
            [
              99.549815300396233,
              27.58889394738987
            ],
            [
              99.560313347271233,
              27.56325918176487
            ],
            [
              99.560069206646233,
              27.534613348431535
            ],
            [
              99.555674675396233,
              27.509466864056535
            ],
            [
              99.571706576437919,
              27.500311590619035
            ],
            [
              99.586192253521233,
              27.486924546348199
            ],
            [
              99.594167513937919,
              27.472845770306535
            ],
            [
              99.589854362896233,
              27.46169668176487
            ],
            [
              99.615814649354547,
              27.421332098431535
            ],
            [
              99.645030144146233,
              27.385931707806535
            ],
            [
              99.635915560812919,
              27.350205796348199
            ],
            [
              99.653086784771233,
              27.317694403119035
            ],
            [
              99.802419467062919,
              27.19558340051487
            ],
            [
              99.947764519146233,
              27.029486395306535
            ],
            [
              99.956390821229547,
              27.009955145306535
            ],
            [
              99.960052930604547,
              26.989365952598199
            ],
            [
              99.962575717062919,
              26.920721746869035
            ],
            [
              99.966563347271233,
              26.89870840051487
            ],
            [
              99.974050326437919,
              26.886297918744035
            ],
            [
              99.989024284771233,
              26.888983465619035
            ],
            [
              100.024668816021233,
              26.919623114056535
            ],
            [
              100.039154493104547,
              26.92727285363987
            ],
            [
              100.041026237896233,
              26.931952215619035
            ],
            [
              100.063405795187919,
              26.95827871301487
            ],
            [
              100.062429232687919,
              26.992132879681535
            ],
            [
              100.063405795187919,
              27.002997137494035
            ],
            [
              100.079112175396233,
              27.045111395306535
            ],
            [
              100.084727409771233,
              27.06911855676487
            ],
            [
              100.080088737896233,
              27.087998765098199
            ],
            [
              100.067474805604547,
              27.106797593223199
            ],
            [
              100.059011263937919,
              27.128729559369035
            ],
            [
              100.056732618104547,
              27.15163808801487
            ],
            [
              100.063405795187919,
              27.173651434369035
            ],
            [
              100.075612826437919,
              27.183661199994035
            ],
            [
              100.116140170187919,
              27.20852285363987
            ],
            [
              100.129242383729547,
              27.224676824994035
            ],
            [
              100.147959831646233,
              27.243272202598199
            ],
            [
              100.155772331646233,
              27.260850327598199
            ],
            [
              100.164154493104547,
              27.267157293744035
            ],
            [
              100.173269076437919,
              27.27224355676487
            ],
            [
              100.179453972271233,
              27.276678778119035
            ],
            [
              100.237803581646233,
              27.341864324994035
            ],
            [
              100.244558138937919,
              27.361151434369035
            ],
            [
              100.236501498312919,
              27.382025457806535
            ],
            [
              100.214284701437919,
              27.413885809369035
            ],
            [
              100.211436394146233,
              27.423285223431535
            ],
            [
              100.206716342062919,
              27.45486074426487
            ],
            [
              100.194834831646233,
              27.480292059369035
            ],
            [
              100.193125847271233,
              27.48586660363987
            ],
            [
              100.193125847271233,
              27.51101308801487
            ],
            [
              100.195323112896233,
              27.527940171348199
            ],
            [
              100.203216993104547,
              27.541937567181535
            ],
            [
              100.237640821229547,
              27.576524155723199
            ],
            [
              100.244151237896233,
              27.59255605676487
            ],
            [
              100.248220248312919,
              27.607367254681535
            ],
            [
              100.263763868104547,
              27.63113027551487
            ],
            [
              100.271250847271233,
              27.652655340619035
            ],
            [
              100.278819206646233,
              27.663397528119035
            ],
            [
              100.290131055604547,
              27.67556386926487
            ],
            [
              100.295013868104547,
              27.683539129681535
            ],
            [
              100.296315951437919,
              27.690863348431535
            ],
            [
              100.296153191021233,
              27.701239324994035
            ],
            [
              100.294851107687919,
              27.711004949994035
            ],
            [
              100.289073112896233,
              27.731024481244035
            ],
            [
              100.288666211854547,
              27.742783921348199
            ],
            [
              100.300791862896233,
              27.768622137494035
            ],
            [
              100.302989128521233,
              27.780381577598199
            ],
            [
              100.296153191021233,
              27.821356512494035
            ],
            [
              100.299571159771233,
              27.832098699994035
            ],
            [
              100.307220899354547,
              27.832220770306535
            ],
            [
              100.323415560812919,
              27.824774481244035
            ],
            [
              100.334401888937919,
              27.824042059369035
            ],
            [
              100.339935743104547,
              27.824530340619035
            ],
            [
              100.378672722271233,
              27.841864324994035
            ],
            [
              100.388194206646233,
              27.844794012494035
            ],
            [
              100.402272982687919,
              27.845892645306535
            ],
            [
              100.420339388937919,
              27.838487046348199
            ],
            [
              100.429698112896233,
              27.820624090619035
            ],
            [
              100.433197461854547,
              27.798041082806535
            ],
            [
              100.432383659771233,
              27.749457098431535
            ],
            [
              100.433197461854547,
              27.742783921348199
            ],
            [
              100.450450066021233,
              27.704657293744035
            ],
            [
              100.461843295187919,
              27.688096421348199
            ],
            [
              100.464935743104547,
              27.67068105676487
            ],
            [
              100.443776888937919,
              27.538397528119035
            ],
            [
              100.448822461854547,
              27.498968817181535
            ],
            [
              100.481049024354547,
              27.46853261926487
            ],
            [
              100.527598503521233,
              27.452826239056535
            ],
            [
              100.542979362896233,
              27.438788153119035
            ],
            [
              100.524424675396233,
              27.400498765098199
            ],
            [
              100.522715691021233,
              27.376654364056535
            ],
            [
              100.528819206646233,
              27.33132558801487
            ],
            [
              100.545909050396233,
              27.28445058801487
            ],
            [
              100.552419467062919,
              27.255479233848199
            ],
            [
              100.546641472271233,
              27.242539780723199
            ],
            [
              100.543711784771233,
              27.23830800988987
            ],
            [
              100.541840039979547,
              27.228867905723199
            ],
            [
              100.538828972271233,
              27.219549871869035
            ],
            [
              100.532644076437919,
              27.215277410931535
            ],
            [
              100.521413607687919,
              27.211371160931535
            ],
            [
              100.503184441021233,
              27.19338613488987
            ],
            [
              100.494720899354547,
              27.187933660931535
            ],
            [
              100.482595248312919,
              27.187201239056535
            ],
            [
              100.450450066021233,
              27.194159246869035
            ],
            [
              100.437591993104547,
              27.190985418744035
            ],
            [
              100.433848503521233,
              27.183905340619035
            ],
            [
              100.436615430604547,
              27.176825262494035
            ],
            [
              100.443614128521233,
              27.173651434369035
            ],
            [
              100.466075066021233,
              27.166083074994035
            ],
            [
              100.486257357687919,
              27.14748769738987
            ],
            [
              100.497080925396233,
              27.124131577598199
            ],
            [
              100.491709831646233,
              27.10232168176487
            ],
            [
              100.486257357687919,
              27.092840887494035
            ],
            [
              100.474294467062919,
              27.05764394738987
            ],
            [
              100.453868034771233,
              27.03030019738987
            ],
            [
              100.453542513937919,
              27.008897202598199
            ],
            [
              100.458262566021233,
              26.980658270306535
            ],
            [
              100.465749545187919,
              26.953314520306535
            ],
            [
              100.474294467062919,
              26.934678452598199
            ],
            [
              100.464772982687919,
              26.922919012494035
            ],
            [
              100.458262566021233,
              26.905340887494035
            ],
            [
              100.454844597271233,
              26.885199285931535
            ],
            [
              100.454193555604547,
              26.843858140098199
            ],
            [
              100.451914909771233,
              26.82644277551487
            ],
            [
              100.441172722271233,
              26.814764715619035
            ],
            [
              100.415944857687919,
              26.81057363488987
            ],
            [
              100.398203972271233,
              26.803819077598199
            ],
            [
              100.393972201437919,
              26.787176824994035
            ],
            [
              100.398529493104547,
              26.746039129681535
            ],
            [
              100.400889519146233,
              26.740179754681535
            ],
            [
              100.410655144146233,
              26.730902410931535
            ],
            [
              100.412852409771233,
              26.724920965619035
            ],
            [
              100.411713086854547,
              26.719061590619035
            ],
            [
              100.409434441021233,
              26.716253973431535
            ],
            [
              100.407155795187919,
              26.714463608848199
            ],
            [
              100.405935092062919,
              26.711533921348199
            ],
            [
              100.407806836854547,
              26.69948965051487
            ],
            [
              100.418955925396233,
              26.674017645306535
            ],
            [
              100.419525586854547,
              26.663926499473199
            ],
            [
              100.417409701437919,
              26.65041738488987
            ],
            [
              100.418955925396233,
              26.639227606244035
            ],
            [
              100.421641472271233,
              26.635443426556535
            ],
            [
              100.431244336854547,
              26.626328843223199
            ],
            [
              100.433197461854547,
              26.625596421348199
            ],
            [
              100.432627800396233,
              26.61941152551487
            ],
            [
              100.427419467062919,
              26.608750718223199
            ],
            [
              100.426524284771233,
              26.605088608848199
            ],
            [
              100.426524284771233,
              26.519476629681535
            ],
            [
              100.430756055604547,
              26.499131577598199
            ],
            [
              100.449473503521233,
              26.465277410931535
            ],
            [
              100.460703972271233,
              26.403387762494035
            ],
            [
              100.454844597271233,
              26.391546942181535
            ],
            [
              100.444834831646233,
              26.381699936973199
            ],
            [
              100.440847201437919,
              26.37307363488987
            ],
            [
              100.453868034771233,
              26.364935614056535
            ],
            [
              100.439952019146233,
              26.34499746301487
            ],
            [
              100.426524284771233,
              26.333685614056535
            ],
            [
              100.416840039979547,
              26.321844793744035
            ],
            [
              100.412852409771233,
              26.30007558801487
            ],
            [
              100.415049675396233,
              26.294785874473199
            ],
            [
              100.419688347271233,
              26.289903061973199
            ],
            [
              100.424327019146233,
              26.28322988488987
            ],
            [
              100.428965691021233,
              26.262559311973199
            ],
            [
              100.447032097271233,
              26.227728582806535
            ],
            [
              100.473724805604547,
              26.214951890098199
            ],
            [
              100.547943555604547,
              26.229437567181535
            ],
            [
              100.584239128521233,
              26.221502996869035
            ],
            [
              100.589691602479547,
              26.215928452598199
            ],
            [
              100.593272331646233,
              26.21023183801487
            ],
            [
              100.599294467062919,
              26.205023504681535
            ],
            [
              100.612071159771233,
              26.201035874473199
            ],
            [
              100.618337435812919,
              26.20412832238987
            ],
            [
              100.625987175396233,
              26.210516668744035
            ],
            [
              100.635671420187919,
              26.21316152551487
            ],
            [
              100.667735222271233,
              26.19167715051487
            ],
            [
              100.687917513937919,
              26.190130926556535
            ],
            [
              100.734385612896233,
              26.194199936973199
            ],
            [
              100.774912956646233,
              26.184149481244035
            ],
            [
              100.793874545187919,
              26.184637762494035
            ],
            [
              100.813243034771233,
              26.197617905723199
            ],
            [
              100.830739779562919,
              26.206000067181535
            ],
            [
              100.849619987896233,
              26.200506903119035
            ],
            [
              100.885834180604547,
              26.180528061973199
            ],
            [
              100.890554232687919,
              26.17873769738987
            ],
            [
              100.895762566021233,
              26.175604559369035
            ],
            [
              100.900970899354547,
              26.171454168744035
            ],
            [
              100.905772331646233,
              26.16628652551487
            ],
            [
              100.925954623312919,
              26.186875718223199
            ],
            [
              100.949473503521233,
              26.226629949994035
            ],
            [
              100.987803581646233,
              26.269720770306535
            ],
            [
              101.000010612896233,
              26.279120184369035
            ],
            [
              101.026133659771233,
              26.287176824994035
            ],
            [
              101.045827670187919,
              26.305487371869035
            ],
            [
              101.053721550396233,
              26.309637762494035
            ],
            [
              101.080495638937919,
              26.316270249473199
            ],
            [
              101.125661654562919,
              26.345282293744035
            ],
            [
              101.170664909771233,
              26.355088608848199
            ],
            [
              101.191172722271233,
              26.369208074994035
            ],
            [
              101.201101107687919,
              26.372381903119035
            ],
            [
              101.217377149354547,
              26.369086004681535
            ],
            [
              101.228607618104547,
              26.363877671348199
            ],
            [
              101.239675326437919,
              26.362982489056535
            ],
            [
              101.255056185812919,
              26.372381903119035
            ],
            [
              101.279714388937919,
              26.369940496869035
            ],
            [
              101.369720899354547,
              26.379502671348199
            ],
            [
              101.403330925396233,
              26.392157293744035
            ],
            [
              101.422943555604547,
              26.39309316613987
            ],
            [
              101.427012566021233,
              26.396551824994035
            ],
            [
              101.429860873312919,
              26.400702215619035
            ],
            [
              101.471771680604547,
              26.44558340051487
            ],
            [
              101.476328972271233,
              26.461045640098199
            ],
            [
              101.457774284771233,
              26.467962957806535
            ],
            [
              101.451914909771233,
              26.471625067181535
            ],
            [
              101.454844597271233,
              26.479803778119035
            ],
            [
              101.464366081646233,
              26.492132879681535
            ],
            [
              101.464366081646233,
              26.498155015098199
            ],
            [
              101.450856967062919,
              26.511908270306535
            ],
            [
              101.447520378521233,
              26.519476629681535
            ],
            [
              101.452728711854547,
              26.531195379681535
            ],
            [
              101.488454623312919,
              26.570379949994035
            ],
            [
              101.518483920187919,
              26.590643621869035
            ],
            [
              101.552338086854547,
              26.593573309369035
            ],
            [
              101.587006055604547,
              26.591864324994035
            ],
            [
              101.618907097271233,
              26.598252671348199
            ],
            [
              101.631765170187919,
              26.58230215051487
            ],
            [
              101.638601107687919,
              26.57619863488987
            ],
            [
              101.646657748312919,
              26.570379949994035
            ],
            [
              101.652354362896233,
              26.589951890098199
            ],
            [
              101.660492383729547,
              26.586249090619035
            ],
            [
              101.670420769146233,
              26.57302480676487
            ],
            [
              101.680918816021233,
              26.564154364056535
            ],
            [
              101.697845899354547,
              26.564805405723199
            ],
            [
              101.705088737896233,
              26.573065496869035
            ],
            [
              101.708588086854547,
              26.583685614056535
            ],
            [
              101.715017123312919,
              26.591416733848199
            ],
            [
              101.723073763937919,
              26.594305731244035
            ],
            [
              101.730886263937919,
              26.595160223431535
            ],
            [
              101.738454623312919,
              26.59328847863987
            ],
            [
              101.745697461854547,
              26.587998765098199
            ],
            [
              101.754974805604547,
              26.583319403119035
            ],
            [
              101.762217644146233,
              26.587103582806535
            ],
            [
              101.768646680604547,
              26.59402090051487
            ],
            [
              101.775889519146233,
              26.598252671348199
            ],
            [
              101.805674675396233,
              26.601426499473199
            ],
            [
              101.817556185812919,
              26.59890371301487
            ],
            [
              101.830577019146233,
              26.591416733848199
            ],
            [
              101.845876498312919,
              26.571885483848199
            ],
            [
              101.886159701437919,
              26.47463613488987
            ],
            [
              101.892832878521233,
              26.462266343223199
            ],
            [
              101.901133659771233,
              26.451280015098199
            ],
            [
              101.913096550396233,
              26.441229559369035
            ],
            [
              101.931895378521233,
              26.428778387494035
            ],
            [
              101.940440300396233,
              26.421738999473199
            ],
            [
              101.947764519146233,
              26.41335683801487
            ],
            [
              101.941009961854547,
              26.398749090619035
            ],
            [
              101.939138217062919,
              26.381211655723199
            ],
            [
              101.941742383729547,
              26.326971746869035
            ],
            [
              101.940440300396233,
              26.31716543176487
            ],
            [
              101.928314649354547,
              26.289658921348199
            ],
            [
              101.926768425396233,
              26.27956777551487
            ],
            [
              101.921397331646233,
              26.26565175988987
            ],
            [
              101.911224805604547,
              26.251532293744035
            ],
            [
              101.904388868104547,
              26.23781972863987
            ],
            [
              101.909678581646233,
              26.22463613488987
            ],
            [
              101.917246941021233,
              26.210516668744035
            ],
            [
              101.908295118104547,
              26.20119863488987
            ],
            [
              101.878916862896233,
              26.18679433801487
            ],
            [
              101.857025586854547,
              26.169012762494035
            ],
            [
              101.844737175396233,
              26.139349676556535
            ],
            [
              101.839121941021233,
              26.103583074994035
            ],
            [
              101.837901237896233,
              26.067328192181535
            ],
            [
              101.839121941021233,
              26.05984121301487
            ],
            [
              101.843760612896233,
              26.042303778119035
            ],
            [
              101.844737175396233,
              26.032822983848199
            ],
            [
              101.842051628521233,
              26.022284246869035
            ],
            [
              101.831146680604547,
              26.006048895306535
            ],
            [
              101.830577019146233,
              25.994981186973206
            ],
            [
              101.838796420187919,
              25.982530015098206
            ],
            [
              101.854746941021233,
              25.975409246869035
            ],
            [
              101.874115430604547,
              25.972967840619035
            ],
            [
              101.892588737896233,
              25.974473374473206
            ],
            [
              101.940033399354547,
              25.992214259889863
            ],
            [
              101.957774284771233,
              25.994981186973206
            ],
            [
              102.017832878521233,
              25.986680405723206
            ],
            [
              102.046885612896233,
              25.996039129681535
            ],
            [
              102.065358920187919,
              25.995876369264863
            ],
            [
              102.083994987896233,
              25.999579168744035
            ],
            [
              102.098643425396233,
              26.015448309369035
            ],
            [
              102.102061394146233,
              26.03445058801487
            ],
            [
              102.100840691021233,
              26.05373769738987
            ],
            [
              102.101980013937919,
              26.071112371869035
            ],
            [
              102.112315300396233,
              26.084336655723199
            ],
            [
              102.117605013937919,
              26.096258856244035
            ],
            [
              102.130381706646233,
              26.114813543744035
            ],
            [
              102.145437045187919,
              26.13210683801487
            ],
            [
              102.222178581646233,
              26.18679433801487
            ],
            [
              102.231944206646233,
              26.19778066613987
            ],
            [
              102.241140170187919,
              26.214056707806535
            ],
            [
              102.251719597271233,
              26.22878652551487
            ],
            [
              102.266612175396233,
              26.235174871869035
            ],
            [
              102.289805534771233,
              26.23708730676487
            ],
            [
              102.314545118104547,
              26.242539780723199
            ],
            [
              102.338308138937919,
              26.251166082806535
            ],
            [
              102.358164909771233,
              26.262518621869035
            ],
            [
              102.375091993104547,
              26.280462957806535
            ],
            [
              102.386647982687919,
              26.298203843223199
            ],
            [
              102.400319857687919,
              26.311712957806535
            ],
            [
              102.423838737896233,
              26.31716543176487
            ],
            [
              102.446299675396233,
              26.318548895306535
            ],
            [
              102.464854362896233,
              26.322617905723199
            ],
            [
              102.502614779562919,
              26.337591864056535
            ],
            [
              102.554209831646233,
              26.373114324994035
            ],
            [
              102.567881706646233,
              26.378526108848199
            ],
            [
              102.584727409771233,
              26.374945379681535
            ],
            [
              102.602793816021233,
              26.36623769738987
            ],
            [
              102.617930534771233,
              26.35525136926487
            ],
            [
              102.626231316021233,
              26.345038153119035
            ],
            [
              102.623138868104547,
              26.318670965619035
            ],
            [
              102.611420118104547,
              26.28689199426487
            ],
            [
              102.609629753521233,
              26.260117905723199
            ],
            [
              102.646576368104547,
              26.244574285931535
            ],
            [
              102.667491081646233,
              26.225775457806535
            ],
            [
              102.680918816021233,
              26.221502996869035
            ],
            [
              102.698741081646233,
              26.223456121869035
            ],
            [
              102.710866732687919,
              26.228949285931535
            ],
            [
              102.720144076437919,
              26.23757558801487
            ],
            [
              102.766774935812919,
              26.293321030723199
            ],
            [
              102.791026237896233,
              26.31032949426487
            ],
            [
              102.821787956646233,
              26.31716543176487
            ],
            [
              102.845225456646233,
              26.327093817181535
            ],
            [
              102.877940300396233,
              26.36501699426487
            ],
            [
              102.893077019146233,
              26.364935614056535
            ],
            [
              102.891774935812919,
              26.355292059369035
            ],
            [
              102.908376498312919,
              26.349229233848199
            ],
            [
              102.951182487896233,
              26.345038153119035
            ],
            [
              102.971608920187919,
              26.35085683801487
            ],
            [
              102.988291862896233,
              26.365098374473199
            ],
            [
              102.999278191021233,
              26.383124090619035
            ],
            [
              103.002940300396233,
              26.400254624473199
            ],
            [
              103.000498894146233,
              26.410345770306535
            ],
            [
              102.991302930604547,
              26.430528061973199
            ],
            [
              102.989268425396233,
              26.441229559369035
            ],
            [
              102.991302930604547,
              26.445990301556535
            ],
            [
              103.000661654562919,
              26.456854559369035
            ],
            [
              103.002940300396233,
              26.461127020306535
            ],
            [
              103.002370638937919,
              26.46853261926487
            ],
            [
              102.996755404562919,
              26.479559637494035
            ],
            [
              102.995534701437919,
              26.48537832238987
            ],
            [
              102.999766472271233,
              26.495794989056535
            ],
            [
              103.009938998312919,
              26.500677801556535
            ],
            [
              103.022552930604547,
              26.502061265098199
            ],
            [
              103.033702019146233,
              26.502061265098199
            ],
            [
              103.038666211854547,
              26.506170965619035
            ],
            [
              103.053233269146233,
              26.527044989056535
            ],
            [
              103.057627800396233,
              26.536200262494035
            ],
            [
              103.057709180604547,
              26.557196356244035
            ],
            [
              103.047862175396233,
              26.570379949994035
            ],
            [
              103.036062045187919,
              26.582831121869035
            ],
            [
              103.030284050396233,
              26.601670640098199
            ],
            [
              103.030935092062919,
              26.643866278119035
            ],
            [
              103.029226107687919,
              26.661810614056535
            ],
            [
              103.023448112896233,
              26.680243231244035
            ],
            [
              103.011973503521233,
              26.703721421348199
            ],
            [
              103.009206576437919,
              26.714951890098199
            ],
            [
              103.006602409771233,
              26.738633530723199
            ],
            [
              103.003916862896233,
              26.75075918176487
            ],
            [
              102.999278191021233,
              26.755926824994035
            ],
            [
              102.992279493104547,
              26.765814520306535
            ],
            [
              102.975108269146233,
              26.83108144738987
            ],
            [
              102.953054232687919,
              26.861639715619035
            ],
            [
              102.924733920187919,
              26.89211660363987
            ],
            [
              102.901133659771233,
              26.924627996869035
            ],
            [
              102.893077019146233,
              26.961371160931535
            ],
            [
              102.900482618104547,
              26.99245840051487
            ],
            [
              102.899343295187919,
              27.002997137494035
            ],
            [
              102.895518425396233,
              27.008490301556535
            ],
            [
              102.883799675396233,
              27.017767645306535
            ],
            [
              102.879974805604547,
              27.02346425988987
            ],
            [
              102.877940300396233,
              27.031846421348199
            ],
            [
              102.878184441021233,
              27.035711981244035
            ],
            [
              102.879405144146233,
              27.039374090619035
            ],
            [
              102.879974805604547,
              27.04739004113987
            ],
            [
              102.884776237896233,
              27.066229559369035
            ],
            [
              102.906504753521233,
              27.097764390098199
            ],
            [
              102.913584831646233,
              27.112250067181535
            ],
            [
              102.915456576437919,
              27.134344793744035
            ],
            [
              102.903575066021233,
              27.221625067181535
            ],
            [
              102.889577670187919,
              27.25661855676487
            ],
            [
              102.886241081646233,
              27.276678778119035
            ],
            [
              102.889252149354547,
              27.291367905723199
            ],
            [
              102.906993034771233,
              27.333685614056535
            ],
            [
              102.929453972271233,
              27.367132879681535
            ],
            [
              102.941905144146233,
              27.405096746869035
            ],
            [
              102.954600456646233,
              27.420721746869035
            ],
            [
              102.966319206646233,
              27.398993231244035
            ],
            [
              102.977061394146233,
              27.388780015098199
            ],
            [
              102.991221550396233,
              27.385931707806535
            ],
            [
              103.012787305604547,
              27.385931707806535
            ],
            [
              103.019053581646233,
              27.389105535931535
            ],
            [
              103.037852409771233,
              27.403265692181535
            ],
            [
              103.047129753521233,
              27.406439520306535
            ],
            [
              103.070811394146233,
              27.408148504681535
            ],
            [
              103.083506706646233,
              27.410467840619035
            ],
            [
              103.092295769146233,
              27.413885809369035
            ],
            [
              103.106374545187919,
              27.40847402551487
            ],
            [
              103.120616081646233,
              27.412176824994035
            ],
            [
              103.134287956646233,
              27.42190175988987
            ],
            [
              103.146983269146233,
              27.43435293176487
            ],
            [
              103.150075717062919,
              27.47317129113987
            ],
            [
              103.160166862896233,
              27.497137762494035
            ],
            [
              103.217865430604547,
              27.566758530723199
            ],
            [
              103.228933138937919,
              27.57351308801487
            ],
            [
              103.249440951437919,
              27.577704168744035
            ],
            [
              103.284759961854547,
              27.580755926556535
            ],
            [
              103.295909050396233,
              27.587754624473199
            ],
            [
              103.304698112896233,
              27.605047918744035
            ],
            [
              103.285736524354547,
              27.633612371869035
            ],
            [
              103.284190300396233,
              27.640448309369035
            ],
            [
              103.290700717062919,
              27.646063543744035
            ],
            [
              103.313487175396233,
              27.654852606244035
            ],
            [
              103.318288607687919,
              27.663397528119035
            ],
            [
              103.326752149354547,
              27.673529364056535
            ],
            [
              103.414561394146233,
              27.742783921348199
            ],
            [
              103.444021029562919,
              27.755560614056535
            ],
            [
              103.451426628521233,
              27.759873765098199
            ],
            [
              103.454681836854547,
              27.768662827598199
            ],
            [
              103.456065300396233,
              27.78127675988987
            ],
            [
              103.458506706646233,
              27.792547918744035
            ],
            [
              103.465017123312919,
              27.797430731244035
            ],
            [
              103.476573112896233,
              27.799872137494035
            ],
            [
              103.479014519146233,
              27.806260483848199
            ],
            [
              103.478607618104547,
              27.815049546348199
            ],
            [
              103.482188347271233,
              27.824774481244035
            ],
            [
              103.503021680604547,
              27.849676824994035
            ],
            [
              103.508311394146233,
              27.864447332806535
            ],
            [
              103.510915560812919,
              27.930039780723199
            ],
            [
              103.518565300396233,
              27.945379949994035
            ],
            [
              103.536713086854547,
              27.961289780723199
            ],
            [
              103.555430534771233,
              27.97024160363987
            ],
            [
              103.562754753521233,
              27.975449936973199
            ],
            [
              103.564707878521233,
              27.983018296348199
            ],
            [
              103.560069206646233,
              27.987860418744035
            ],
            [
              103.550791862896233,
              27.987860418744035
            ],
            [
              103.540944857687919,
              27.984442449994035
            ],
            [
              103.533702019146233,
              27.979315496869035
            ],
            [
              103.513926628521233,
              27.971380926556535
            ],
            [
              103.501719597271233,
              27.99197011926487
            ],
            [
              103.489024284771233,
              28.037665106244035
            ],
            [
              103.474538607687919,
              28.03982168176487
            ],
            [
              103.456390821229547,
              28.03713613488987
            ],
            [
              103.440928581646233,
              28.042303778119035
            ],
            [
              103.434255404562919,
              28.068060614056535
            ],
            [
              103.436045769146233,
              28.075791733848199
            ],
            [
              103.440114779562919,
              28.083319403119035
            ],
            [
              103.445567253521233,
              28.090196030723199
            ],
            [
              103.451426628521233,
              28.096014715619035
            ],
            [
              103.456472201437919,
              28.10525136926487
            ],
            [
              103.452647331646233,
              28.123887436973199
            ],
            [
              103.454844597271233,
              28.133856512494035
            ],
            [
              103.458913607687919,
              28.134711004681535
            ],
            [
              103.538177930604547,
              28.184434311973199
            ],
            [
              103.551524284771233,
              28.206122137494035
            ],
            [
              103.562022331646233,
              28.22927480676487
            ],
            [
              103.571543816021233,
              28.243109442181535
            ],
            [
              103.580739779562919,
              28.24636465051487
            ],
            [
              103.602468295187919,
              28.247748114056535
            ],
            [
              103.612640821229547,
              28.249945379681535
            ],
            [
              103.619395378521233,
              28.254746811973199
            ],
            [
              103.626231316021233,
              28.261582749473199
            ],
            [
              103.634043816021233,
              28.267767645306535
            ],
            [
              103.643565300396233,
              28.270453192181535
            ],
            [
              103.666026237896233,
              28.26321035363987
            ],
            [
              103.683441602479547,
              28.246649481244035
            ],
            [
              103.697032097271233,
              28.228338934369035
            ],
            [
              103.708750847271233,
              28.215765692181535
            ],
            [
              103.722097201437919,
              28.215440171348199
            ],
            [
              103.749278191021233,
              28.242743231244035
            ],
            [
              103.788991732687919,
              28.255479233848199
            ],
            [
              103.879974805604547,
              28.325628973431535
            ],
            [
              103.870127800396233,
              28.34377675988987
            ],
            [
              103.859466993104547,
              28.400742905723199
            ],
            [
              103.821299675396233,
              28.484808660931535
            ],
            [
              103.796804232687919,
              28.525336004681535
            ],
            [
              103.794932487896233,
              28.531073309369035
            ],
            [
              103.804860873312919,
              28.551581121869035
            ],
            [
              103.828216993104547,
              28.58742910363987
            ],
            [
              103.836436394146233,
              28.604844468223199
            ],
            [
              103.832286003521233,
              28.620469468223199
            ],
            [
              103.841563347271233,
              28.63625722863987
            ],
            [
              103.845144076437919,
              28.65359121301487
            ],
            [
              103.850677930604547,
              28.668036199994035
            ]
          ]
        ]
      }
    },
    {
      "type": "Feature",
      "properties": {
        "dissolve": "270River",
        "scalerank": 6.0,
        "featurecla": "River",
        "name": "Han",
        "name_alt": null,
        "rivernum": 270,
        "note": null,
        "min_zoom": 5.0,
        "name_en": "Han",
        "min_label": 6.0
      },
      "geometry": {
        "type": "MultiLineString",
        "coordinates": [
          [
            [
              106.398448112896233,
              33.067694403119035
            ],
            [
              106.421153191021233,
              33.072292384889863
            ],
            [
              106.434174024354547,
              33.083360093223199
            ],
            [
              106.444021029562919,
              33.096787827598199
            ],
            [
              106.456553581646233,
              33.108710028119035
            ],
            [
              106.473399284771233,
              33.115261134889863
            ],
            [
              106.665619336854547,
              33.143988348431535
            ],
            [
              106.676280144146233,
              33.142197983848199
            ],
            [
              106.682871941021233,
              33.137274481244035
            ],
            [
              106.686127149354547,
              33.130641994264863
            ],
            [
              106.690440300396233,
              33.124823309369035
            ],
            [
              106.700450066021233,
              33.122341213014863
            ],
            [
              106.805756055604547,
              33.124375718223199
            ],
            [
              106.841319206646233,
              33.133815822389863
            ],
            [
              106.864268425396233,
              33.136013088014863
            ],
            [
              106.883555534771233,
              33.131415106244035
            ],
            [
              106.899912956646233,
              33.120306707806535
            ],
            [
              106.929453972271233,
              33.095038153119035
            ],
            [
              106.980397982687919,
              33.064154364056535
            ],
            [
              106.994639519146233,
              33.050360418744035
            ],
            [
              107.015635612896233,
              33.038397528119035
            ],
            [
              107.038259310812919,
              33.037705796348199
            ],
            [
              107.058848503521233,
              33.033880926556535
            ],
            [
              107.073415560812919,
              33.012477931764863
            ],
            [
              107.086924675396233,
              33.019110418744035
            ],
            [
              107.102468295187919,
              33.038356838014863
            ],
            [
              107.114349805604547,
              33.046657619264863
            ],
            [
              107.126556836854547,
              33.047390041139863
            ],
            [
              107.142588737896233,
              33.045965887494035
            ],
            [
              107.156260612896233,
              33.047471421348199
            ],
            [
              107.162119987896233,
              33.057196356244035
            ],
            [
              107.169688347271233,
              33.076239324994035
            ],
            [
              107.188243034771233,
              33.088934637494035
            ],
            [
              107.212575717062919,
              33.096747137494035
            ],
            [
              107.261729362896233,
              33.103298244264863
            ],
            [
              107.323252800396233,
              33.101263739056535
            ],
            [
              107.332123243104547,
              33.106634832806535
            ],
            [
              107.346690300396233,
              33.130560614056535
            ],
            [
              107.357595248312919,
              33.136013088014863
            ],
            [
              107.368581576437919,
              33.134344793744035
            ],
            [
              107.389903191021233,
              33.128526108848199
            ],
            [
              107.402435743104547,
              33.129177150514863
            ],
            [
              107.420827670187919,
              33.136826890098199
            ],
            [
              107.490244987896233,
              33.187445379681535
            ],
            [
              107.513601107687919,
              33.200873114056535
            ],
            [
              107.522552930604547,
              33.208034572389863
            ],
            [
              107.534922722271233,
              33.215358791139863
            ],
            [
              107.541921420187919,
              33.208522853639863
            ],
            [
              107.547129753521233,
              33.190619207806535
            ],
            [
              107.567312045187919,
              33.187811590619035
            ],
            [
              107.623545769146233,
              33.187038478639863
            ],
            [
              107.635264519146233,
              33.180365301556535
            ],
            [
              107.644948763937919,
              33.170721746869035
            ],
            [
              107.667572461854547,
              33.170233465619035
            ],
            [
              107.711436394146233,
              33.176947332806535
            ],
            [
              107.735362175396233,
              33.177435614056535
            ],
            [
              107.751394076437919,
              33.174017645306535
            ],
            [
              107.764414909771233,
              33.166774806764863
            ],
            [
              107.779226107687919,
              33.155829168744035
            ],
            [
              107.787364128521233,
              33.168768621869035
            ],
            [
              107.796966993104547,
              33.174831447389863
            ],
            [
              107.820811394146233,
              33.183783270306535
            ],
            [
              107.832937045187919,
              33.191595770306535
            ],
            [
              107.838308138937919,
              33.197780666139863
            ],
            [
              107.857595248312919,
              33.237616278119035
            ],
            [
              107.863698763937919,
              33.242946681764863
            ],
            [
              107.875417513937919,
              33.245876369264863
            ],
            [
              107.888682487896233,
              33.243597723431535
            ],
            [
              107.897878451437919,
              33.236029364056535
            ],
            [
              107.905202670187919,
              33.227891343223199
            ],
            [
              107.912608269146233,
              33.224147853639863
            ],
            [
              107.938975456646233,
              33.219305731244035
            ],
            [
              107.955658399354547,
              33.206406968223199
            ],
            [
              107.959564649354547,
              33.188055731244035
            ],
            [
              107.942149284771233,
              33.158962306764863
            ],
            [
              107.937266472271233,
              33.146266994264863
            ],
            [
              107.937266472271233,
              33.134385483848199
            ],
            [
              107.947032097271233,
              33.129177150514863
            ],
            [
              107.955088737896233,
              33.123114324994035
            ],
            [
              107.957611524354547,
              33.108994858848199
            ],
            [
              107.956716342062919,
              33.080755926556535
            ],
            [
              107.977956576437919,
              33.086615301556535
            ],
            [
              107.995046420187919,
              33.076849676556535
            ],
            [
              108.026133659771233,
              33.046657619264863
            ],
            [
              108.047780795187919,
              33.037054754681535
            ],
            [
              108.064707878521233,
              33.035345770306535
            ],
            [
              108.081146680604547,
              33.039333400514863
            ],
            [
              108.101328972271233,
              33.046657619264863
            ],
            [
              108.141368034771233,
              33.037665106244035
            ],
            [
              108.219655795187919,
              33.032334702598199
            ],
            [
              108.258881055604547,
              33.019313869264863
            ],
            [
              108.274994336854547,
              33.005682684369035
            ],
            [
              108.279063347271233,
              32.989325262494035
            ],
            [
              108.274831576437919,
              32.970770574994035
            ],
            [
              108.265716993104547,
              32.950384832806535
            ],
            [
              108.260345899354547,
              32.942206121869035
            ],
            [
              108.253672722271233,
              32.934434311973199
            ],
            [
              108.248057487896233,
              32.926214910931535
            ],
            [
              108.245371941021233,
              32.916286525514863
            ],
            [
              108.247325066021233,
              32.905951239056535
            ],
            [
              108.257090691021233,
              32.892279364056535
            ],
            [
              108.258881055604547,
              32.882147528119035
            ],
            [
              108.252207878521233,
              32.867010809369035
            ],
            [
              108.241465691021233,
              32.852728582806535
            ],
            [
              108.237722201437919,
              32.839422918744035
            ],
            [
              108.252207878521233,
              32.827500718223199
            ],
            [
              108.259857618104547,
              32.828965561973199
            ],
            [
              108.266123894146233,
              32.836004949994035
            ],
            [
              108.273692253521233,
              32.840521551556535
            ],
            [
              108.286224805604547,
              32.834336655723199
            ],
            [
              108.291840039979547,
              32.824896551556535
            ],
            [
              108.289805534771233,
              32.816107489056535
            ],
            [
              108.286224805604547,
              32.807684637494035
            ],
            [
              108.286224805604547,
              32.799627996869035
            ],
            [
              108.312510612896233,
              32.769842840619035
            ],
            [
              108.352549675396233,
              32.749782619264863
            ],
            [
              108.437754753521233,
              32.724473374473199
            ],
            [
              108.437754753521233,
              32.717637436973199
            ],
            [
              108.428721550396233,
              32.713975327598199
            ],
            [
              108.407237175396233,
              32.709051824994035
            ],
            [
              108.396088086854547,
              32.703965561973199
            ],
            [
              108.413828972271233,
              32.673936265098199
            ],
            [
              108.416595899354547,
              32.662420965619035
            ],
            [
              108.431895378521233,
              32.669745184369035
            ],
            [
              108.439463737896233,
              32.666449285931535
            ],
            [
              108.443939649354547,
              32.657782293744035
            ],
            [
              108.450205925396233,
              32.648749090619035
            ],
            [
              108.471690300396233,
              32.633408921348199
            ],
            [
              108.468435092062919,
              32.628973699994035
            ],
            [
              108.454112175396233,
              32.618353582806535
            ],
            [
              108.448171420187919,
              32.599432684369035
            ],
            [
              108.469737175396233,
              32.582831121869035
            ],
            [
              108.498057487896233,
              32.566921291139863
            ],
            [
              108.512217644146233,
              32.549750067181535
            ],
            [
              108.522959831646233,
              32.528835353639863
            ],
            [
              108.548350456646233,
              32.518418686973199
            ],
            [
              108.578054232687919,
              32.512640692181535
            ],
            [
              108.601573112896233,
              32.505397853639863
            ],
            [
              108.615651888937919,
              32.488348699994035
            ],
            [
              108.622080925396233,
              32.484890041139863
            ],
            [
              108.633311394146233,
              32.485866603639863
            ],
            [
              108.639170769146233,
              32.490423895306535
            ],
            [
              108.644216342062919,
              32.495550848431535
            ],
            [
              108.681732618104547,
              32.504990952598199
            ],
            [
              108.692881706646233,
              32.504177150514863
            ],
            [
              108.697194857687919,
              32.491766668744035
            ],
            [
              108.758067253521233,
              32.537420965619035
            ],
            [
              108.774017774354547,
              32.566351629681535
            ],
            [
              108.759857618104547,
              32.601589259889863
            ],
            [
              108.759857618104547,
              32.607774155723199
            ],
            [
              108.770925326437919,
              32.609198309369035
            ],
            [
              108.777842644146233,
              32.614610093223199
            ],
            [
              108.780690951437919,
              32.623561916139863
            ],
            [
              108.779795769146233,
              32.635117905723199
            ],
            [
              108.787119987896233,
              32.630723374473199
            ],
            [
              108.792897982687919,
              32.624619858848199
            ],
            [
              108.797292513937919,
              32.616970119264863
            ],
            [
              108.800222201437919,
              32.607774155723199
            ],
            [
              108.812510612896233,
              32.620794989056535
            ],
            [
              108.818939649354547,
              32.618190822389863
            ],
            [
              108.822845899354547,
              32.608750718223199
            ],
            [
              108.827565951437919,
              32.601589259889863
            ],
            [
              108.842702670187919,
              32.588649806764863
            ],
            [
              108.851573112896233,
              32.586533921348199
            ],
            [
              108.855479362896233,
              32.598171291139863
            ],
            [
              108.854909701437919,
              32.607123114056535
            ],
            [
              108.855967644146233,
              32.609564520306535
            ],
            [
              108.879405144146233,
              32.607774155723199
            ],
            [
              108.890391472271233,
              32.611680405723199
            ],
            [
              108.894216342062919,
              32.621039129681535
            ],
            [
              108.896657748312919,
              32.632513739056535
            ],
            [
              108.903330925396233,
              32.642523504681535
            ],
            [
              108.921315951437919,
              32.649033921348199
            ],
            [
              108.996104362896233,
              32.656195379681535
            ],
            [
              109.003509961854547,
              32.664007879681535
            ],
            [
              109.022471550396233,
              32.700303452598199
            ],
            [
              109.032969597271233,
              32.711452541139863
            ],
            [
              109.042979362896233,
              32.713975327598199
            ],
            [
              109.064545118104547,
              32.715196030723199
            ],
            [
              109.074473503521233,
              32.717637436973199
            ],
            [
              109.086436394146233,
              32.724473374473199
            ],
            [
              109.093190951437919,
              32.731960353639863
            ],
            [
              109.097992383729547,
              32.739935614056535
            ],
            [
              109.133799675396233,
              32.783962306764863
            ],
            [
              109.148529493104547,
              32.787868556764863
            ],
            [
              109.255056185812919,
              32.752386785931535
            ],
            [
              109.298431836854547,
              32.747870184369035
            ],
            [
              109.334564649354547,
              32.758612371869035
            ],
            [
              109.343190951437919,
              32.766872463014863
            ],
            [
              109.345225456646233,
              32.773952541139863
            ],
            [
              109.346608920187919,
              32.781113999473199
            ],
            [
              109.352061394146233,
              32.789984442181535
            ],
            [
              109.358897331646233,
              32.795965887494035
            ],
            [
              109.374115430604547,
              32.805731512494035
            ],
            [
              109.383067253521233,
              32.813259181764863
            ],
            [
              109.386973503521233,
              32.822699285931535
            ],
            [
              109.386241081646233,
              32.831732489056535
            ],
            [
              109.389089388937919,
              32.838487046348199
            ],
            [
              109.403412305604547,
              32.841172593223199
            ],
            [
              109.411794467062919,
              32.844590561973199
            ],
            [
              109.408295118104547,
              32.852606512494035
            ],
            [
              109.402435743104547,
              32.861761785931535
            ],
            [
              109.403412305604547,
              32.868475653119035
            ],
            [
              109.412852409771233,
              32.867743231244035
            ],
            [
              109.438975456646233,
              32.860419012494035
            ],
            [
              109.448822461854547,
              32.868679103639863
            ],
            [
              109.514252149354547,
              32.883815822389863
            ],
            [
              109.525889519146233,
              32.892197983848199
            ],
            [
              109.533946159771233,
              32.909450588014863
            ],
            [
              109.547943555604547,
              32.899237371869035
            ],
            [
              109.556569857687919,
              32.888739324994035
            ],
            [
              109.565684441021233,
              32.883490301556535
            ],
            [
              109.581634961854547,
              32.888942775514863
            ],
            [
              109.585948112896233,
              32.894558009889863
            ],
            [
              109.589366081646233,
              32.902777410931535
            ],
            [
              109.593841993104547,
              32.910915431764863
            ],
            [
              109.602061394146233,
              32.916286525514863
            ],
            [
              109.612396680604547,
              32.916367905723199
            ],
            [
              109.618744336854547,
              32.911688543744035
            ],
            [
              109.624522331646233,
              32.906032619264863
            ],
            [
              109.632823112896233,
              32.903265692181535
            ],
            [
              109.650482618104547,
              32.904730535931535
            ],
            [
              109.667409701437919,
              32.909043686973199
            ],
            [
              109.682383659771233,
              32.916367905723199
            ],
            [
              109.694590691021233,
              32.926540431764863
            ],
            [
              109.706390821229547,
              32.939032293744035
            ],
            [
              109.718190951437919,
              32.948350327598199
            ],
            [
              109.729502800396233,
              32.949326890098199
            ],
            [
              109.739268425396233,
              32.936794338014863
            ]
          ],
          [
            [
              109.739268425396233,
              32.929958400514863
            ],
            [
              109.758474154562919,
              32.914984442181535
            ],
            [
              109.782806836854547,
              32.901149806764863
            ],
            [
              109.809499545187919,
              32.893133856244035
            ],
            [
              109.835459831646233,
              32.895819403119035
            ],
            [
              109.868174675396233,
              32.912909246869035
            ],
            [
              109.883311394146233,
              32.916286525514863
            ],
            [
              109.898855013937919,
              32.914374090619035
            ],
            [
              109.925140821229547,
              32.900661525514863
            ],
            [
              109.937917513937919,
              32.895819403119035
            ],
            [
              109.992605013937919,
              32.888942775514863
            ],
            [
              110.003347201437919,
              32.884059963014863
            ],
            [
              110.040293816021233,
              32.861639715619035
            ],
            [
              110.081716342062919,
              32.848171291139863
            ],
            [
              110.095632357687919,
              32.841172593223199
            ],
            [
              110.103444857687919,
              32.834173895306535
            ],
            [
              110.114838086854547,
              32.818793035931535
            ],
            [
              110.123545769146233,
              32.813259181764863
            ],
            [
              110.215424024354547,
              32.813259181764863
            ],
            [
              110.237884961854547,
              32.807562567181535
            ],
            [
              110.257090691021233,
              32.796657619264863
            ],
            [
              110.274099154562919,
              32.789862371869035
            ],
            [
              110.290456576437919,
              32.796454168744035
            ],
            [
              110.299815300396233,
              32.801865952598199
            ],
            [
              110.309987826437919,
              32.804632879681535
            ],
            [
              110.318125847271233,
              32.808457749473199
            ],
            [
              110.325694206646233,
              32.827744858848199
            ],
            [
              110.335459831646233,
              32.834336655723199
            ],
            [
              110.397634310812919,
              32.858018296348199
            ],
            [
              110.411794467062919,
              32.856065171348199
            ],
            [
              110.403412305604547,
              32.834336655723199
            ],
            [
              110.418467644146233,
              32.829942124473199
            ],
            [
              110.431732618104547,
              32.832871811973199
            ],
            [
              110.445730013937919,
              32.838324285931535
            ],
            [
              110.462168816021233,
              32.841172593223199
            ],
            [
              110.477142774354547,
              32.836940822389863
            ],
            [
              110.497162305604547,
              32.817979233848199
            ],
            [
              110.507090691021233,
              32.813259181764863
            ],
            [
              110.566823763937919,
              32.829128322389863
            ],
            [
              110.591726107687919,
              32.829657293744035
            ],
            [
              110.588959180604547,
              32.807074285931535
            ],
            [
              110.612640821229547,
              32.819362697389863
            ],
            [
              110.616953972271233,
              32.820664780723199
            ],
            [
              110.625010612896233,
              32.814479884889863
            ],
            [
              110.630869987896233,
              32.798692124473199
            ],
            [
              110.636729362896233,
              32.793402410931535
            ],
            [
              110.651377800396233,
              32.791856186973199
            ],
            [
              110.705088737896233,
              32.799627996869035
            ],
            [
              110.705088737896233,
              32.807074285931535
            ],
            [
              110.695974154562919,
              32.808213608848199
            ],
            [
              110.692881706646233,
              32.810248114056535
            ],
            [
              110.690684441021233,
              32.814072983848199
            ],
            [
              110.685313347271233,
              32.820664780723199
            ],
            [
              110.718760612896233,
              32.837998765098199
            ],
            [
              110.746104362896233,
              32.861639715619035
            ],
            [
              110.796397331646233,
              32.831854559369035
            ],
            [
              110.811534050396233,
              32.827500718223199
            ],
            [
              110.814707878521233,
              32.825018621869035
            ],
            [
              110.817963086854547,
              32.819647528119035
            ],
            [
              110.824229362896233,
              32.814642645306535
            ],
            [
              110.835459831646233,
              32.813259181764863
            ],
            [
              110.845713737896233,
              32.817246811973199
            ],
            [
              110.857432487896233,
              32.831325588014863
            ],
            [
              110.866465691021233,
              32.834336655723199
            ],
            [
              110.875254753521233,
              32.832586981244035
            ],
            [
              110.882416211854547,
              32.828233140098199
            ],
            [
              110.893565300396233,
              32.816961981244035
            ],
            [
              110.902272982687919,
              32.810858465619035
            ],
            [
              110.910248243104547,
              32.811102606244035
            ],
            [
              110.919200066021233,
              32.813340561973199
            ],
            [
              110.931081576437919,
              32.813259181764863
            ],
            [
              110.938243034771233,
              32.810166733848199
            ],
            [
              110.952159050396233,
              32.801377671348199
            ],
            [
              110.962412956646233,
              32.799627996869035
            ],
            [
              110.982595248312919,
              32.806911525514863
            ],
            [
              110.993174675396233,
              32.807074285931535
            ],
            [
              110.983653191021233,
              32.798936265098199
            ],
            [
              110.968435092062919,
              32.790716864056535
            ],
            [
              110.958099805604547,
              32.781195379681535
            ],
            [
              110.962412956646233,
              32.769151108848199
            ],
            [
              110.983164909771233,
              32.752508856244035
            ],
            [
              110.992198112896233,
              32.748236395306535
            ],
            [
              111.000010612896233,
              32.740668035931535
            ]
          ],
          [
            [
              111.477631055604547,
              32.567816473431535
            ],
            [
              111.484060092062919,
              32.554470119264863
            ],
            [
              111.492198112896233,
              32.530137436973199
            ],
            [
              111.547943555604547,
              32.484890041139863
            ],
            [
              111.615244987896233,
              32.454453843223199
            ],
            [
              111.643890821229547,
              32.434149481244035
            ],
            [
              111.665293816021233,
              32.402370509889863
            ],
            [
              111.640716993104547,
              32.367946681764863
            ],
            [
              111.633067253521233,
              32.349310614056535
            ],
            [
              111.637299024354547,
              32.327256577598199
            ],
            [
              111.646413607687919,
              32.318711655723199
            ],
            [
              111.672862175396233,
              32.303412176556535
            ],
            [
              111.699473503521233,
              32.265163478639863
            ],
            [
              111.693614128521233,
              32.224188543744035
            ],
            [
              111.726980013937919,
              32.191229559369035
            ],
            [
              111.771983269146233,
              32.162868556764863
            ],
            [
              111.801280144146233,
              32.135443426556535
            ],
            [
              111.814707878521233,
              32.092881577598199
            ],
            [
              111.827159050396233,
              32.078721421348199
            ],
            [
              111.853037956646233,
              32.073350327598199
            ],
            [
              111.876231316021233,
              32.075995184369035
            ],
            [
              111.931651237896233,
              32.093858140098199
            ],
            [
              111.953054232687919,
              32.094916082806535
            ],
            [
              111.975596550396233,
              32.091253973431535
            ],
            [
              111.993256055604547,
              32.082831121869035
            ],
            [
              112.008067253521233,
              32.054510809369035
            ],
            [
              112.026540560812919,
              32.046413478639863
            ],
            [
              112.157806836854547,
              32.034206447389863
            ],
            [
              112.192881706646233,
              32.021999416139863
            ],
            [
              112.192881706646233,
              31.991481838014863
            ],
            [
              112.185964388937919,
              31.984890041139863
            ],
            [
              112.177744987896233,
              31.981227931764863
            ],
            [
              112.170095248312919,
              31.975856838014863
            ],
            [
              112.164968295187919,
              31.964178778119035
            ],
            [
              112.164480013937919,
              31.951524155723199
            ],
            [
              112.167735222271233,
              31.939479884889863
            ],
            [
              112.173838737896233,
              31.928534246869035
            ],
            [
              112.182058138937919,
              31.919460353639863
            ],
            [
              112.217458529562919,
              31.895086981244035
            ],
            [
              112.220225456646233,
              31.883612371869035
            ],
            [
              112.182546420187919,
              31.822373765098199
            ],
            [
              112.177256706646233,
              31.797308660931535
            ],
            [
              112.195892774354547,
              31.785996811973199
            ],
            [
              112.215912305604547,
              31.779852606244035
            ],
            [
              112.250661654562919,
              31.749457098431535
            ],
            [
              112.268077019146233,
              31.737616278119035
            ],
            [
              112.336680534771233,
              31.724391994264863
            ],
            [
              112.353607618104547,
              31.713975327598199
            ],
            [
              112.369883659771233,
              31.692450262494035
            ],
            [
              112.380951368104547,
              31.672674871869035
            ],
            [
              112.406748894146233,
              31.606716213014863
            ],
            [
              112.416840039979547,
              31.592596746869035
            ],
            [
              112.442393425396233,
              31.569688218223199
            ],
            [
              112.452403191021233,
              31.550238348431535
            ],
            [
              112.450043164979547,
              31.528102931764863
            ],
            [
              112.442556185812919,
              31.505397853639863
            ],
            [
              112.438568555604547,
              31.484401759889863
            ],
            [
              112.440847201437919,
              31.474676824994035
            ],
            [
              112.450205925396233,
              31.453070379681535
            ],
            [
              112.452403191021233,
              31.443386134889863
            ],
            [
              112.449229362896233,
              31.433539129681535
            ],
            [
              112.435069206646233,
              31.412380275514863
            ],
            [
              112.431895378521233,
              31.405544338014863
            ],
            [
              112.425384961854547,
              31.386013088014863
            ],
            [
              112.412364128521233,
              31.372992254681535
            ],
            [
              112.402272982687919,
              31.358262436973199
            ],
            [
              112.404551628521233,
              31.333522853639863
            ],
            [
              112.414805534771233,
              31.318915106244035
            ],
            [
              112.446706576437919,
              31.302191473431535
            ],
            [
              112.462901237896233,
              31.28884511926487
            ],
            [
              112.487803581646233,
              31.254706121869035
            ],
            [
              112.500498894146233,
              31.24197011926487
            ],
            [
              112.520599805604547,
              31.23049550988987
            ],
            [
              112.545420769146233,
              31.223496811973199
            ],
            [
              112.560476107687919,
              31.221991278119035
            ],
            [
              112.567556185812919,
              31.215399481244035
            ],
            [
              112.569753451437919,
              31.192938543744035
            ],
            [
              112.566416862896233,
              31.18264394738987
            ],
            [
              112.551768425396233,
              31.161932684369035
            ],
            [
              112.548431836854547,
              31.151678778119035
            ],
            [
              112.552826368104547,
              31.139471746869035
            ],
            [
              112.574636263937919,
              31.118353582806535
            ],
            [
              112.582774284771233,
              31.10696035363987
            ],
            [
              112.584239128521233,
              31.086127020306535
            ],
            [
              112.567393425396233,
              31.086249090619035
            ],
            [
              112.541840039979547,
              31.095078843223199
            ],
            [
              112.517507357687919,
              31.100775457806535
            ],
            [
              112.506765170187919,
              31.089178778119035
            ],
            [
              112.508067253521233,
              31.06301504113987
            ],
            [
              112.520599805604547,
              31.01882558801487
            ],
            [
              112.533702019146233,
              30.99074941613987
            ],
            [
              112.561696810812919,
              30.953436590619035
            ],
            [
              112.567149284771233,
              30.941229559369035
            ],
            [
              112.572194857687919,
              30.88869863488987
            ],
            [
              112.577728711854547,
              30.877020574994035
            ],
            [
              112.589366081646233,
              30.869208074994035
            ],
            [
              112.664561394146233,
              30.842881577598199
            ],
            [
              112.678965691021233,
              30.83327871301487
            ],
            [
              112.668223503521233,
              30.830267645306535
            ],
            [
              112.637136263937919,
              30.82571035363987
            ],
            [
              112.630463086854547,
              30.823309637494035
            ],
            [
              112.635508659771233,
              30.807928778119035
            ],
            [
              112.644786003521233,
              30.795518296348199
            ],
            [
              112.649668816021233,
              30.78322988488987
            ],
            [
              112.641612175396233,
              30.76809316613987
            ],
            [
              112.625987175396233,
              30.747626043744035
            ],
            [
              112.596283399354547,
              30.676214910931535
            ],
            [
              112.624440951437919,
              30.657904364056535
            ],
            [
              112.703298373312919,
              30.661566473431535
            ],
            [
              112.719818555604547,
              30.651963608848199
            ],
            [
              112.714121941021233,
              30.640488999473199
            ],
            [
              112.687510612896233,
              30.63113027551487
            ],
            [
              112.678965691021233,
              30.620957749473199
            ],
            [
              112.679209831646233,
              30.605332749473199
            ],
            [
              112.690928581646233,
              30.570990301556535
            ],
            [
              112.692556185812919,
              30.552069403119035
            ],
            [
              112.728526237896233,
              30.574042059369035
            ],
            [
              112.748138868104547,
              30.583115952598199
            ],
            [
              112.771413607687919,
              30.586859442181535
            ],
            [
              112.783620638937919,
              30.576727606244035
            ],
            [
              112.816009961854547,
              30.517930405723199
            ],
            [
              112.829600456646233,
              30.509344793744035
            ],
            [
              112.852631055604547,
              30.49929433801487
            ],
            [
              112.874766472271233,
              30.496039129681535
            ],
            [
              112.884287956646233,
              30.508002020306535
            ],
            [
              112.881602409771233,
              30.555731512494035
            ],
            [
              112.890879753521233,
              30.570746160931535
            ],
            [
              112.918467644146233,
              30.573187567181535
            ],
            [
              112.933441602479547,
              30.563828843223199
            ],
            [
              112.951426628521233,
              30.53127675988987
            ],
            [
              112.969899935812919,
              30.524115301556535
            ],
            [
              113.004405144146233,
              30.525458074994035
            ],
            [
              113.023041211854547,
              30.523789780723199
            ],
            [
              113.042002800396233,
              30.517930405723199
            ],
            [
              113.046641472271233,
              30.51760488488987
            ],
            [
              113.059174024354547,
              30.518988348431535
            ],
            [
              113.063080274354547,
              30.517930405723199
            ],
            [
              113.066416862896233,
              30.510850327598199
            ],
            [
              113.065521680604547,
              30.505235093223199
            ],
            [
              113.063487175396233,
              30.500799871869035
            ],
            [
              113.063080274354547,
              30.497422593223199
            ],
            [
              113.063487175396233,
              30.488959051556535
            ],
            [
              113.060313347271233,
              30.482489324994035
            ],
            [
              113.062510612896233,
              30.478379624473199
            ],
            [
              113.079600456646233,
              30.476996160931535
            ],
            [
              113.099213086854547,
              30.48342519738987
            ],
            [
              113.107432487896233,
              30.48318105676487
            ],
            [
              113.110850456646233,
              30.473252671348199
            ],
            [
              113.111420118104547,
              30.461859442181535
            ],
            [
              113.113373243104547,
              30.453070379681535
            ],
            [
              113.117279493104547,
              30.446722723431535
            ],
            [
              113.124034050396233,
              30.442206121869035
            ],
            [
              113.137299024354547,
              30.439561265098199
            ],
            [
              113.146657748312919,
              30.443548895306535
            ],
            [
              113.155039909771233,
              30.44875722863987
            ],
            [
              113.165537956646233,
              30.449652410931535
            ],
            [
              113.175303581646233,
              30.444525457806535
            ],
            [
              113.186615430604547,
              30.431219793744035
            ],
            [
              113.196218295187919,
              30.428534246869035
            ],
            [
              113.289073112896233,
              30.428534246869035
            ],
            [
              113.427338086854547,
              30.395209051556535
            ],
            [
              113.466563347271233,
              30.39504629113987
            ],
            [
              113.485850456646233,
              30.398993231244035
            ],
            [
              113.491465691021233,
              30.401678778119035
            ],
            [
              113.500661654562919,
              30.408067124473199
            ],
            [
              113.508799675396233,
              30.415838934369035
            ],
            [
              113.518158399354547,
              30.43166738488987
            ],
            [
              113.532481316021233,
              30.447821356244035
            ],
            [
              113.540293816021233,
              30.465033270306535
            ],
            [
              113.545664909771233,
              30.473252671348199
            ],
            [
              113.555918816021233,
              30.48171621301487
            ],
            [
              113.590017123312919,
              30.497422593223199
            ],
            [
              113.607432487896233,
              30.511908270306535
            ],
            [
              113.622976107687919,
              30.531683660931535
            ],
            [
              113.634287956646233,
              30.554022528119035
            ],
            [
              113.638438347271233,
              30.576239324994035
            ],
            [
              113.646983269146233,
              30.586249090619035
            ],
            [
              113.738780144146233,
              30.626898504681535
            ],
            [
              113.748220248312919,
              30.627793686973199
            ],
            [
              113.760915560812919,
              30.622992254681535
            ],
            [
              113.782481316021233,
              30.60476308801487
            ],
            [
              113.789235873312919,
              30.600449936973199
            ],
            [
              113.798920118104547,
              30.604803778119035
            ],
            [
              113.807627800396233,
              30.614325262494035
            ],
            [
              113.817474805604547,
              30.62209707238987
            ],
            [
              113.830332878521233,
              30.620957749473199
            ],
            [
              113.838389519146233,
              30.610907293744035
            ],
            [
              113.834483269146233,
              30.599961655723199
            ],
            [
              113.825124545187919,
              30.59109121301487
            ],
            [
              113.816742383729547,
              30.586859442181535
            ],
            [
              113.823415560812919,
              30.57595449426487
            ],
            [
              113.830332878521233,
              30.575140692181535
            ],
            [
              113.837331576437919,
              30.580186265098199
            ],
            [
              113.844004753521233,
              30.586859442181535
            ],
            [
              113.850596550396233,
              30.595404364056535
            ],
            [
              113.852142774354547,
              30.603216864056535
            ],
            [
              113.850677930604547,
              30.617539780723199
            ],
            [
              113.838796420187919,
              30.644110418744035
            ],
            [
              113.840586784771233,
              30.648260809369035
            ],
            [
              113.843353711854547,
              30.649481512494035
            ],
            [
              113.845225456646233,
              30.651963608848199
            ],
            [
              113.848236524354547,
              30.65456777551487
            ],
            [
              113.854502800396233,
              30.655707098431535
            ],
            [
              113.862233920187919,
              30.653876043744035
            ],
            [
              113.863291862896233,
              30.649522202598199
            ],
            [
              113.862315300396233,
              30.644720770306535
            ],
            [
              113.864349805604547,
              30.641465561973199
            ],
            [
              113.878184441021233,
              30.63430410363987
            ],
            [
              113.884857618104547,
              30.633124090619035
            ],
            [
              113.911794467062919,
              30.633653061973199
            ],
            [
              113.920420769146233,
              30.63283925988987
            ],
            [
              113.925140821229547,
              30.637030340619035
            ],
            [
              113.926524284771233,
              30.651963608848199
            ],
            [
              113.930918816021233,
              30.672674871869035
            ],
            [
              113.941498243104547,
              30.678900457806535
            ],
            [
              113.955088737896233,
              30.674139715619035
            ],
            [
              113.968028191021233,
              30.661932684369035
            ],
            [
              113.983897331646233,
              30.633978582806535
            ],
            [
              113.995697461854547,
              30.624579168744035
            ],
            [
              114.018565300396233,
              30.620957749473199
            ],
            [
              114.027435743104547,
              30.616644598431535
            ],
            [
              114.028412305604547,
              30.607001043744035
            ],
            [
              114.027842644146233,
              30.597357489056535
            ],
            [
              114.031993034771233,
              30.59304433801487
            ],
            [
              114.043467644146233,
              30.594183660931535
            ],
            [
              114.069834831646233,
              30.600449936973199
            ],
            [
              114.170664909771233,
              30.598211981244035
            ],
            [
              114.289561394146233,
              30.566351629681535
            ]
          ]
        ]
      }
    },
    {
      "type": "Feature",
      "properties": {
        "dissolve": "309River",
        "scalerank": 6.0,
        "featurecla": "River",
        "name": "Dadu",
        "name_alt": null,
        "rivernum": 309,
        "note": null,
        "min_zoom": 5.0,
        "name_en": "Dadu",
        "min_label": 6.0
      },
      "geometry": {
        "type": "LineString",
        "coordinates": [
          [
            100.070241732687919,
            33.005682684369035
          ],
          [
            100.082937045187919,
            32.992377020306535
          ],
          [
            100.113454623312919,
            32.968329168744035
          ],
          [
            100.169037305604547,
            32.909735418744035
          ],
          [
            100.190928581646233,
            32.898504949994035
          ],
          [
            100.193776888937919,
            32.887396551556535
          ],
          [
            100.193125847271233,
            32.865057684369035
          ],
          [
            100.196787956646233,
            32.858994858848199
          ],
          [
            100.215586784771233,
            32.849920965619035
          ],
          [
            100.251394076437919,
            32.824326890098199
          ],
          [
            100.291514519146233,
            32.803168035931535
          ],
          [
            100.334727409771233,
            32.786403713014863
          ],
          [
            100.371185743104547,
            32.779120184369035
          ],
          [
            100.441986524354547,
            32.726507879681535
          ],
          [
            100.453868034771233,
            32.714544989056535
          ],
          [
            100.458506706646233,
            32.705633856244035
          ],
          [
            100.488454623312919,
            32.683457749473199
          ],
          [
            100.498220248312919,
            32.669012762494035
          ],
          [
            100.501556836854547,
            32.655869858848199
          ],
          [
            100.503428581646233,
            32.642767645306535
          ],
          [
            100.508392774354547,
            32.628241278119035
          ],
          [
            100.515716993104547,
            32.620388088014863
          ],
          [
            100.524994336854547,
            32.615016994264863
          ],
          [
            100.532969597271233,
            32.608832098431535
          ],
          [
            100.536387566021233,
            32.598171291139863
          ],
          [
            100.541840039979547,
            32.586533921348199
          ],
          [
            100.554453972271233,
            32.576524155723199
          ],
          [
            100.569346550396233,
            32.569444077598199
          ],
          [
            100.595713737896233,
            32.563503322389863
          ],
          [
            100.638682487896233,
            32.539496160931535
          ],
          [
            100.654388868104547,
            32.535752671348199
          ],
          [
            100.667572461854547,
            32.534369207806535
          ],
          [
            100.679860873312919,
            32.530381577598199
          ],
          [
            100.693369987896233,
            32.519069728639863
          ],
          [
            100.710459831646233,
            32.522731838014863
          ],
          [
            100.725596550396233,
            32.512477931764863
          ],
          [
            100.740814649354547,
            32.498602606244035
          ],
          [
            100.758555534771233,
            32.491766668744035
          ],
          [
            100.766368034771233,
            32.487494207806535
          ],
          [
            100.789642774354547,
            32.456976629681535
          ],
          [
            100.793386263937919,
            32.454779364056535
          ],
          [
            100.796804232687919,
            32.455511785931535
          ],
          [
            100.799896680604547,
            32.455349025514863
          ],
          [
            100.803233269146233,
            32.450751043744035
          ],
          [
            100.805918816021233,
            32.442328192181535
          ],
          [
            100.805674675396233,
            32.438299871869035
          ],
          [
            100.804128451437919,
            32.434393621869035
          ],
          [
            100.803233269146233,
            32.426581121869035
          ],
          [
            100.805186394146233,
            32.391669012494035
          ],
          [
            100.806651237896233,
            32.385280666139863
          ],
          [
            100.810557487896233,
            32.375189520306535
          ],
          [
            100.802663607687919,
            32.353298244264863
          ],
          [
            100.803233269146233,
            32.341498114056535
          ],
          [
            100.813487175396233,
            32.336696681764863
          ],
          [
            100.828216993104547,
            32.347357489056535
          ],
          [
            100.847585482687919,
            32.356472072389863
          ],
          [
            100.871511263937919,
            32.347113348431535
          ],
          [
            100.862803581646233,
            32.331488348431535
          ],
          [
            100.878835482687919,
            32.320908921348199
          ],
          [
            100.916270378521233,
            32.310166733848199
          ],
          [
            100.925303581646233,
            32.303819077598199
          ],
          [
            100.942881706646233,
            32.295436916139863
          ],
          [
            100.950694206646233,
            32.289658921348199
          ],
          [
            100.960215691021233,
            32.279852606244035
          ],
          [
            100.965586784771233,
            32.272731838014863
          ],
          [
            100.979502800396233,
            32.240790106244035
          ],
          [
            100.983897331646233,
            32.233018296348199
          ],
          [
            101.006439649354547,
            32.205267645306535
          ],
          [
            101.008799675396233,
            32.199245509889863
          ],
          [
            101.009369336854547,
            32.186957098431535
          ],
          [
            101.004974805604547,
            32.169053452598199
          ],
          [
            100.974538607687919,
            32.108181056764863
          ],
          [
            100.970876498312919,
            32.088446356244035
          ],
          [
            100.974538607687919,
            32.036159572389863
          ],
          [
            100.977061394146233,
            32.023871160931535
          ],
          [
            100.982920769146233,
            32.017849025514863
          ],
          [
            100.990733269146233,
            32.014105535931535
          ],
          [
            100.998789909771233,
            32.008815822389863
          ],
          [
            101.004893425396233,
            31.999579168744035
          ],
          [
            101.005463086854547,
            31.982367254681535
          ],
          [
            101.009369336854547,
            31.970974025514863
          ],
          [
            101.023936394146233,
            31.957342840619035
          ],
          [
            101.063894076437919,
            31.948350327598199
          ],
          [
            101.081065300396233,
            31.939968166139863
          ],
          [
            101.166270378521233,
            31.833848374473199
          ],
          [
            101.192149284771233,
            31.814398504681535
          ],
          [
            101.241221550396233,
            31.802191473431535
          ],
          [
            101.272227409771233,
            31.783474025514863
          ],
          [
            101.286143425396233,
            31.779160874473199
          ],
          [
            101.329274935812919,
            31.786159572389863
          ],
          [
            101.344493034771233,
            31.785996811973199
          ],
          [
            101.361257357687919,
            31.781561590619035
          ],
          [
            101.391612175396233,
            31.768988348431535
          ],
          [
            101.405853711854547,
            31.765488999473199
          ],
          [
            101.424815300396233,
            31.765082098431535
          ],
          [
            101.442800326437919,
            31.768093166139863
          ],
          [
            101.455983920187919,
            31.775702215619035
          ],
          [
            101.461192253521233,
            31.789129949994035
          ],
          [
            101.477549675396233,
            31.802923895306535
          ],
          [
            101.513926628521233,
            31.805121160931535
          ],
          [
            101.551524284771233,
            31.800075588014863
          ],
          [
            101.571055534771233,
            31.792263088014863
          ],
          [
            101.587494336854547,
            31.801581121869035
          ],
          [
            101.627452019146233,
            31.815944728639863
          ],
          [
            101.646657748312919,
            31.819525457806535
          ],
          [
            101.649506055604547,
            31.816107489056535
          ],
          [
            101.653900586854547,
            31.809352931764863
          ],
          [
            101.660655144146233,
            31.805243231244035
          ],
          [
            101.670095248312919,
            31.809881903119035
          ],
          [
            101.688894076437919,
            31.828721421348199
          ],
          [
            101.694590691021233,
            31.833197332806535
          ],
          [
            101.725596550396233,
            31.846625067181535
          ],
          [
            101.830577019146233,
            31.861110744264863
          ],
          [
            101.840912305604547,
            31.852972723431535
          ],
          [
            101.857025586854547,
            31.828802801556535
          ],
          [
            101.865244987896233,
            31.819525457806535
          ],
          [
            101.878509961854547,
            31.812608140098199
          ],
          [
            101.903086784771233,
            31.806463934369035
          ],
          [
            101.913096550396233,
            31.799627996869035
          ],
          [
            101.906260612896233,
            31.799627996869035
          ],
          [
            101.933604362896233,
            31.789658921348199
          ],
          [
            102.026377800396233,
            31.710516668744035
          ],
          [
            102.029795769146233,
            31.704046942181535
          ],
          [
            102.030935092062919,
            31.694118556764863
          ],
          [
            102.028249545187919,
            31.688299871869035
          ],
          [
            102.024424675396233,
            31.685003973431535
          ],
          [
            102.022959831646233,
            31.682399806764863
          ],
          [
            102.030772331646233,
            31.666937567181535
          ],
          [
            102.050954623312919,
            31.646592515098199
          ],
          [
            102.050303581646233,
            31.635199285931535
          ],
          [
            102.065928581646233,
            31.619574285931535
          ],
          [
            102.071543816021233,
            31.601385809369035
          ],
          [
            102.078135612896233,
            31.471299546348199
          ],
          [
            102.076752149354547,
            31.453802801556535
          ],
          [
            102.070892774354547,
            31.442084051556535
          ],
          [
            101.997080925396233,
            31.378607489056535
          ],
          [
            101.988780144146233,
            31.367702541139863
          ],
          [
            101.993337435812919,
            31.351385809369035
          ],
          [
            102.007334831646233,
            31.331000067181535
          ],
          [
            102.024912956646233,
            31.313584702598199
          ],
          [
            102.040293816021233,
            31.306219793744035
          ],
          [
            102.048757357687919,
            31.298447983848199
          ],
          [
            102.040456576437919,
            31.28030019738987
          ],
          [
            102.016123894146233,
            31.24416738488987
          ],
          [
            102.001068555604547,
            31.202948309369035
          ],
          [
            101.988047722271233,
            31.188788153119035
          ],
          [
            101.943288607687919,
            31.178900457806535
          ],
          [
            101.924082878521233,
            31.167547918744035
          ],
          [
            101.907237175396233,
            31.151963608848199
          ],
          [
            101.892588737896233,
            31.134873765098199
          ],
          [
            101.879974805604547,
            31.111680405723199
          ],
          [
            101.874034050396233,
            31.083604233848199
          ],
          [
            101.872080925396233,
            31.015082098431535
          ],
          [
            101.874440951437919,
            30.998399155723199
          ],
          [
            101.884206576437919,
            30.962998765098199
          ],
          [
            101.885752800396233,
            30.94314199426487
          ],
          [
            101.880381706646233,
            30.907822983848199
          ],
          [
            101.885834180604547,
            30.894598699994035
          ],
          [
            101.906260612896233,
            30.888495184369035
          ],
          [
            101.919932487896233,
            30.86770254113987
          ],
          [
            101.933034701437919,
            30.820502020306535
          ],
          [
            101.944021029562919,
            30.80251699426487
          ],
          [
            101.954193555604547,
            30.798041082806535
          ],
          [
            101.963959180604547,
            30.797674871869035
          ],
          [
            101.971446159771233,
            30.79446035363987
          ],
          [
            101.974538607687919,
            30.78176504113987
          ],
          [
            101.975677930604547,
            30.769842840619035
          ],
          [
            101.979502800396233,
            30.762803452598199
          ],
          [
            101.995616081646233,
            30.750677801556535
          ],
          [
            102.002452019146233,
            30.746690171348199
          ],
          [
            102.016612175396233,
            30.74148183801487
          ],
          [
            102.022959831646233,
            30.737656968223199
          ],
          [
            102.029795769146233,
            30.728461004681535
          ],
          [
            102.040537956646233,
            30.70705800988987
          ],
          [
            102.047129753521233,
            30.70290761926487
          ],
          [
            102.054860873312919,
            30.699326890098199
          ],
          [
            102.055267774354547,
            30.690863348431535
          ],
          [
            102.050303581646233,
            30.672471421348199
          ],
          [
            102.051768425396233,
            30.66091543176487
          ],
          [
            102.055430534771233,
            30.654405015098199
          ],
          [
            102.060069206646233,
            30.649237371869035
          ],
          [
            102.064463737896233,
            30.641465561973199
          ],
          [
            102.067556185812919,
            30.624619858848199
          ],
          [
            102.064952019146233,
            30.536688543744035
          ],
          [
            102.068776888937919,
            30.523871160931535
          ],
          [
            102.098643425396233,
            30.497422593223199
          ],
          [
            102.115896029562919,
            30.477891343223199
          ],
          [
            102.121348503521233,
            30.462225653119035
          ],
          [
            102.119151237896233,
            30.418646551556535
          ],
          [
            102.123057487896233,
            30.398138739056535
          ],
          [
            102.143890821229547,
            30.354844468223199
          ],
          [
            102.169851107687919,
            30.313421942181535
          ],
          [
            102.180430534771233,
            30.290838934369035
          ],
          [
            102.186289909771233,
            30.267035223431535
          ],
          [
            102.187998894146233,
            30.236761785931535
          ],
          [
            102.198985222271233,
            30.222601629681535
          ],
          [
            102.203054232687919,
            30.213487046348199
          ],
          [
            102.192393425396233,
            30.20534902551487
          ],
          [
            102.187591993104547,
            30.185492254681535
          ],
          [
            102.178640170187919,
            30.166815496869035
          ],
          [
            102.172862175396233,
            30.065008856244035
          ],
          [
            102.170664909771233,
            30.058661199994035
          ],
          [
            102.177744987896233,
            30.05056386926487
          ],
          [
            102.208506706646233,
            30.004014390098199
          ],
          [
            102.213389519146233,
            29.989447332806535
          ],
          [
            102.214366081646233,
            29.982245184369035
          ],
          [
            102.214691602479547,
            29.973252671348199
          ],
          [
            102.216807487896233,
            29.965033270306535
          ],
          [
            102.226084831646233,
            29.961004949994035
          ],
          [
            102.228282097271233,
            29.952460028119035
          ],
          [
            102.225677930604547,
            29.935899155723199
          ],
          [
            102.220795118104547,
            29.92043691613987
          ],
          [
            102.218028191021233,
            29.906358140098199
          ],
          [
            102.222178581646233,
            29.894110418744035
          ],
          [
            102.211924675396233,
            29.872015692181535
          ],
          [
            102.209401888937919,
            29.848944403119035
          ],
          [
            102.216075066021233,
            29.774725653119035
          ],
          [
            102.213145378521233,
            29.763983465619035
          ],
          [
            102.204681836854547,
            29.753851629681535
          ],
          [
            102.199717644146233,
            29.742295640098199
          ],
          [
            102.202077670187919,
            29.711127020306535
          ],
          [
            102.197683138937919,
            29.698919989056535
          ],
          [
            102.194590691021233,
            29.693304754681535
          ],
          [
            102.195323112896233,
            29.68117910363987
          ],
          [
            102.194265170187919,
            29.67507558801487
          ],
          [
            102.190928581646233,
            29.670721746869035
          ],
          [
            102.182871941021233,
            29.664170640098199
          ],
          [
            102.180593295187919,
            29.66140371301487
          ],
          [
            102.168955925396233,
            29.641465561973199
          ],
          [
            102.165537956646233,
            29.628526108848199
          ],
          [
            102.170664909771233,
            29.617010809369035
          ],
          [
            102.177256706646233,
            29.593573309369035
          ],
          [
            102.157969597271233,
            29.543036199994035
          ],
          [
            102.174327019146233,
            29.524237371869035
          ],
          [
            102.166840039979547,
            29.500921942181535
          ],
          [
            102.177012566021233,
            29.482367254681535
          ],
          [
            102.195892774354547,
            29.47292715051487
          ],
          [
            102.214691602479547,
            29.47707754113987
          ],
          [
            102.222178581646233,
            29.469590561973199
          ],
          [
            102.220144076437919,
            29.455145574994035
          ],
          [
            102.235850456646233,
            29.390733140098199
          ],
          [
            102.252940300396233,
            29.352891343223199
          ],
          [
            102.261322461854547,
            29.350531317181535
          ],
          [
            102.265228711854547,
            29.344183660931535
          ],
          [
            102.278412305604547,
            29.294012762494035
          ],
          [
            102.283620638937919,
            29.284613348431535
          ],
          [
            102.293793164979547,
            29.277899481244035
          ],
          [
            102.307383659771233,
            29.272080796348199
          ],
          [
            102.319346550396233,
            29.26491933801487
          ],
          [
            102.324473503521233,
            29.25393300988987
          ],
          [
            102.333425326437919,
            29.256659246869035
          ],
          [
            102.416270378521233,
            29.266709702598199
          ],
          [
            102.455739779562919,
            29.275742905723199
          ],
          [
            102.478770378521233,
            29.277777410931535
          ],
          [
            102.501231316021233,
            29.283026434369035
          ],
          [
            102.518890821229547,
            29.295762436973199
          ],
          [
            102.550384961854547,
            29.325628973431535
          ],
          [
            102.566742383729547,
            29.33230215051487
          ],
          [
            102.580332878521233,
            29.332831121869035
          ],
          [
            102.595469597271233,
            29.335760809369035
          ],
          [
            102.615733269146233,
            29.349473374473199
          ],
          [
            102.625417513937919,
            29.350287176556535
          ],
          [
            102.647064649354547,
            29.33083730676487
          ],
          [
            102.656993034771233,
            29.325628973431535
          ],
          [
            102.701426628521233,
            29.325628973431535
          ],
          [
            102.777272982687919,
            29.316351629681535
          ],
          [
            102.807709180604547,
            29.300848699994035
          ],
          [
            102.804453972271233,
            29.27102285363987
          ],
          [
            102.818614128521233,
            29.257432358848199
          ],
          [
            102.833425326437919,
            29.23318105676487
          ],
          [
            102.849619987896233,
            29.215033270306535
          ],
          [
            102.869151237896233,
            29.219794012494035
          ],
          [
            102.878347201437919,
            29.223822332806535
          ],
          [
            102.890879753521233,
            29.226507879681535
          ],
          [
            102.901947461854547,
            29.230821030723199
          ],
          [
            102.906748894146233,
            29.239935614056535
          ],
          [
            102.908946159771233,
            29.250921942181535
          ],
          [
            102.920909050396233,
            29.274969793744035
          ],
          [
            102.927256706646233,
            29.284613348431535
          ],
          [
            102.942556185812919,
            29.300116278119035
          ],
          [
            102.958262566021233,
            29.303330796348199
          ],
          [
            102.999278191021233,
            29.298285223431535
          ],
          [
            103.020030144146233,
            29.291612046348199
          ],
          [
            103.026133659771233,
            29.257513739056535
          ],
          [
            103.043386263937919,
            29.243028061973199
          ],
          [
            103.064545118104547,
            29.244818426556535
          ],
          [
            103.084564649354547,
            29.259141343223199
          ],
          [
            103.099538607687919,
            29.278387762494035
          ],
          [
            103.105397982687919,
            29.294541733848199
          ],
          [
            103.113780144146233,
            29.303656317181535
          ],
          [
            103.132823112896233,
            29.29836660363987
          ],
          [
            103.203054232687919,
            29.25393300988987
          ],
          [
            103.217377149354547,
            29.250921942181535
          ],
          [
            103.239349805604547,
            29.25051504113987
          ],
          [
            103.262217644146233,
            29.24563222863987
          ],
          [
            103.272959831646233,
            29.247870184369035
          ],
          [
            103.278819206646233,
            29.267401434369035
          ],
          [
            103.287119987896233,
            29.28518300988987
          ],
          [
            103.291026237896233,
            29.290838934369035
          ],
          [
            103.305756055604547,
            29.300889390098199
          ],
          [
            103.324717644146233,
            29.308172918744035
          ],
          [
            103.337168816021233,
            29.306748765098199
          ],
          [
            103.332530144146233,
            29.290838934369035
          ],
          [
            103.346690300396233,
            29.293768621869035
          ],
          [
            103.366953972271233,
            29.311875718223199
          ],
          [
            103.380381706646233,
            29.318793035931535
          ],
          [
            103.386973503521233,
            29.314072983848199
          ],
          [
            103.397634310812919,
            29.309637762494035
          ],
          [
            103.410085482687919,
            29.30642324426487
          ],
          [
            103.421315951437919,
            29.305121160931535
          ],
          [
            103.433116081646233,
            29.307196356244035
          ],
          [
            103.457937045187919,
            29.316514390098199
          ],
          [
            103.461680534771233,
            29.318793035931535
          ],
          [
            103.478444857687919,
            29.307440496869035
          ],
          [
            103.493093295187919,
            29.286485093223199
          ],
          [
            103.509287956646233,
            29.271551824994035
          ],
          [
            103.530528191021233,
            29.277777410931535
          ],
          [
            103.582123243104547,
            29.21267324426487
          ],
          [
            103.590261263937919,
            29.208685614056535
          ],
          [
            103.601328972271233,
            29.207831121869035
          ],
          [
            103.638763868104547,
            29.209784246869035
          ],
          [
            103.645030144146233,
            29.213568426556535
          ],
          [
            103.646576368104547,
            29.23684316613987
          ],
          [
            103.645518425396233,
            29.24514394738987
          ],
          [
            103.640065951437919,
            29.266709702598199
          ],
          [
            103.640391472271233,
            29.277777410931535
          ],
          [
            103.645925326437919,
            29.289007879681535
          ],
          [
            103.652761263937919,
            29.295518296348199
          ],
          [
            103.658376498312919,
            29.30251699426487
          ],
          [
            103.660817904562919,
            29.315008856244035
          ],
          [
            103.651540560812919,
            29.336737371869035
          ],
          [
            103.630463086854547,
            29.340684311973199
          ],
          [
            103.592051628521233,
            29.333075262494035
          ],
          [
            103.574229362896233,
            29.339422918744035
          ],
          [
            103.561534050396233,
            29.354112046348199
          ],
          [
            103.553721550396233,
            29.374335028119035
          ],
          [
            103.550954623312919,
            29.397284246869035
          ],
          [
            103.554128451437919,
            29.420111395306535
          ],
          [
            103.562022331646233,
            29.436224676556535
          ],
          [
            103.642832878521233,
            29.521551824994035
          ],
          [
            103.677256706646233,
            29.545111395306535
          ],
          [
            103.716237826437919,
            29.558946030723199
          ]
        ]
      }
    },
    {
      "type": "Feature",
      "properties": {
        "dissolve": "491River",
        "scalerank": 7.0,
        "featurecla": "River",
        "name": "Buh",
        "name_alt": null,
        "rivernum": 491,
        "note": null,
        "min_zoom": 6.0,
        "name_en": "Buh",
        "min_label": 7.0
      },
      "geometry": {
        "type": "LineString",
        "coordinates": [
          [
            98.864268425396233,
            38.158718166139863
          ],
          [
            98.868662956646233,
            38.150742905723199
          ],
          [
            98.871104362896233,
            38.142686265098199
          ],
          [
            98.871999545187919,
            38.134100653119035
          ],
          [
            98.871104362896233,
            38.124579168744035
          ],
          [
            98.866709831646233,
            38.114203192181535
          ],
          [
            98.853444857687919,
            38.098944403119035
          ],
          [
            98.850596550396233,
            38.093532619264863
          ],
          [
            98.846202019146233,
            38.078477280723199
          ],
          [
            98.816416862896233,
            38.022080796348199
          ],
          [
            98.797536654562919,
            37.991034246869035
          ],
          [
            98.795420769146233,
            37.980536199994035
          ],
          [
            98.798838737896233,
            37.969794012494035
          ],
          [
            98.813243034771233,
            37.953640041139863
          ],
          [
            98.816416862896233,
            37.943304754681535
          ],
          [
            98.813975456646233,
            37.917547918744035
          ],
          [
            98.807139519146233,
            37.898382879681535
          ],
          [
            98.749766472271233,
            37.813015041139863
          ],
          [
            98.736908399354547,
            37.799017645306535
          ],
          [
            98.724619987896233,
            37.781805731244035
          ],
          [
            98.708262566021233,
            37.743109442181535
          ],
          [
            98.692881706646233,
            37.726670640098199
          ],
          [
            98.675954623312919,
            37.721218166139863
          ],
          [
            98.631276888937919,
            37.716905015098199
          ],
          [
            98.614024284771233,
            37.709987697389863
          ],
          [
            98.598724805604547,
            37.692694403119035
          ],
          [
            98.600026888937919,
            37.680121160931535
          ],
          [
            98.641693555604547,
            37.642035223431535
          ],
          [
            98.644541862896233,
            37.638535874473199
          ],
          [
            98.646576368104547,
            37.631211655723199
          ],
          [
            98.645925326437919,
            37.625311590619035
          ],
          [
            98.644541862896233,
            37.620550848431535
          ],
          [
            98.644541862896233,
            37.616807358848199
          ],
          [
            98.656667513937919,
            37.582546291139863
          ],
          [
            98.658213737896233,
            37.572780666139863
          ],
          [
            98.661224805604547,
            37.561794338014863
          ],
          [
            98.675384961854547,
            37.544623114056535
          ],
          [
            98.678721550396233,
            37.538641668744035
          ],
          [
            98.678721550396233,
            37.493963934369035
          ],
          [
            98.682546420187919,
            37.479356186973199
          ],
          [
            98.691009961854547,
            37.461249090619035
          ],
          [
            98.702891472271233,
            37.445827541139863
          ],
          [
            98.726084831646233,
            37.435003973431535
          ],
          [
            98.744395378521233,
            37.415716864056535
          ],
          [
            98.750987175396233,
            37.411403713014863
          ],
          [
            98.761810743104547,
            37.409694728639863
          ],
          [
            98.795420769146233,
            37.397731838014863
          ],
          [
            98.965912305604547,
            37.363592840619035
          ],
          [
            99.037038607687919,
            37.332464910931535
          ],
          [
            99.140228711854547,
            37.268133856244035
          ],
          [
            99.565684441021233,
            37.132350978639863
          ],
          [
            99.589691602479547,
            37.116970119264863
          ],
          [
            99.631114128521233,
            37.080267645306535
          ],
          [
            99.784271680604547,
            37.004461981244035
          ],
          [
            99.820730013937919,
            36.995632228639863
          ],
          [
            99.838796420187919,
            37.000270900514863
          ]
        ]
      }
    },
    {
      "type": "Feature",
      "properties": {
        "dissolve": "538River",
        "scalerank": 7.0,
        "featurecla": "River",
        "name": "Jialing",
        "name_alt": null,
        "rivernum": 538,
        "note": null,
        "min_zoom": 6.0,
        "name_en": "Jialing",
        "min_label": 7.0
      },
      "geometry": {
        "type": "LineString",
        "coordinates": [
          [
            106.881602409771233,
            34.207953192181535
          ],
          [
            106.874766472271233,
            34.197455145306535
          ],
          [
            106.858653191021233,
            34.196234442181535
          ],
          [
            106.826426628521233,
            34.204209702598199
          ],
          [
            106.779714388937919,
            34.163356838014863
          ],
          [
            106.769053581646233,
            34.157049871869035
          ],
          [
            106.757904493104547,
            34.146999416139863
          ],
          [
            106.724131706646233,
            34.081325588014863
          ],
          [
            106.698252800396233,
            34.061875718223199
          ],
          [
            106.687510612896233,
            34.049099025514863
          ],
          [
            106.681732618104547,
            34.025458074994035
          ],
          [
            106.667735222271233,
            34.000352280723199
          ],
          [
            106.642100456646233,
            33.965196030723199
          ],
          [
            106.601491732687919,
            33.946234442181535
          ],
          [
            106.510915560812919,
            33.924668686973199
          ],
          [
            106.476980013937919,
            33.902533270306535
          ],
          [
            106.435557487896233,
            33.856390692181535
          ],
          [
            106.424082878521233,
            33.834906317181535
          ],
          [
            106.411713086854547,
            33.830023504681535
          ],
          [
            106.384857618104547,
            33.828070379681535
          ],
          [
            106.376963737896233,
            33.824571030723199
          ],
          [
            106.362071159771233,
            33.807318426556535
          ],
          [
            106.354014519146233,
            33.800726629681535
          ],
          [
            106.312591993104547,
            33.795843817181535
          ],
          [
            106.306244336854547,
            33.789903061973199
          ],
          [
            106.302989128521233,
            33.778998114056535
          ],
          [
            106.288503451437919,
            33.755804754681535
          ],
          [
            106.285166862896233,
            33.748968817181535
          ],
          [
            106.276296420187919,
            33.735296942181535
          ],
          [
            106.256114128521233,
            33.739691473431535
          ],
          [
            106.223724805604547,
            33.759141343223199
          ],
          [
            106.210459831646233,
            33.739325262494035
          ],
          [
            106.209483269146233,
            33.723700262494035
          ],
          [
            106.213877800396233,
            33.707953192181535
          ],
          [
            106.216888868104547,
            33.687811590619035
          ],
          [
            106.218760612896233,
            33.682074285931535
          ],
          [
            106.222259961854547,
            33.677313543744035
          ],
          [
            106.223887566021233,
            33.672552801556535
          ],
          [
            106.220306836854547,
            33.666693426556535
          ],
          [
            106.205332878521233,
            33.655625718223199
          ],
          [
            106.203216993104547,
            33.653347072389863
          ],
          [
            106.199310743104547,
            33.651922918744035
          ],
          [
            106.175954623312919,
            33.628851629681535
          ],
          [
            106.070078972271233,
            33.573431707806535
          ],
          [
            106.045502149354547,
            33.546901759889863
          ],
          [
            106.022227409771233,
            33.514960028119035
          ],
          [
            106.019786003521233,
            33.503119207806535
          ],
          [
            106.038584831646233,
            33.474188543744035
          ],
          [
            106.044444206646233,
            33.458929754681535
          ],
          [
            106.052419467062919,
            33.423407293744035
          ],
          [
            106.067800326437919,
            33.378973699994035
          ],
          [
            106.081065300396233,
            33.357855535931535
          ],
          [
            106.097178581646233,
            33.348903713014863
          ],
          [
            106.121755404562919,
            33.345282293744035
          ],
          [
            106.136322461854547,
            33.335760809369035
          ],
          [
            106.142344597271233,
            33.322292384889863
          ],
          [
            106.141693555604547,
            33.306708074994035
          ],
          [
            106.136241081646233,
            33.288763739056535
          ],
          [
            106.128184441021233,
            33.274969793744035
          ],
          [
            106.082286003521233,
            33.223659572389863
          ],
          [
            106.068858269146233,
            33.212103582806535
          ],
          [
            106.052419467062919,
            33.204901434369035
          ],
          [
            106.058441602479547,
            33.186102606244035
          ],
          [
            106.060557487896233,
            33.162949936973199
          ],
          [
            106.056895378521233,
            33.141872463014863
          ],
          [
            106.045502149354547,
            33.129177150514863
          ],
          [
            106.085703972271233,
            33.091009832806535
          ],
          [
            106.100840691021233,
            33.080755926556535
          ],
          [
            106.072276237896233,
            33.003729559369035
          ],
          [
            106.059255404562919,
            32.985174871869035
          ],
          [
            105.971608920187919,
            32.943793035931535
          ],
          [
            105.956716342062919,
            32.933376369264863
          ],
          [
            105.953542513937919,
            32.916205145306535
          ],
          [
            105.945078972271233,
            32.909206447389863
          ],
          [
            105.934092644146233,
            32.904852606244035
          ],
          [
            105.922536654562919,
            32.895819403119035
          ],
          [
            105.914561394146233,
            32.880967515098199
          ],
          [
            105.915537956646233,
            32.870713608848199
          ],
          [
            105.919932487896233,
            32.860215561973199
          ],
          [
            105.922536654562919,
            32.844590561973199
          ],
          [
            105.924733920187919,
            32.840887762494035
          ],
          [
            105.933685743104547,
            32.830633856244035
          ],
          [
            105.935801628521233,
            32.824082749473199
          ],
          [
            105.934825066021233,
            32.816717840619035
          ],
          [
            105.930593295187919,
            32.807725327598199
          ],
          [
            105.927175326437919,
            32.782416082806535
          ],
          [
            105.926849805604547,
            32.771063543744035
          ],
          [
            105.929453972271233,
            32.760321356244035
          ],
          [
            105.935801628521233,
            32.744981186973199
          ],
          [
            105.919200066021233,
            32.746934311973199
          ],
          [
            105.910166862896233,
            32.744452215619035
          ],
          [
            105.905365430604547,
            32.737087306764863
          ],
          [
            105.901540560812919,
            32.724473374473199
          ],
          [
            105.901540560812919,
            32.686631577598199
          ],
          [
            105.900482618104547,
            32.683783270306535
          ],
          [
            105.898203972271233,
            32.679388739056535
          ],
          [
            105.895925326437919,
            32.673447983848199
          ],
          [
            105.893077019146233,
            32.656073309369035
          ],
          [
            105.889089388937919,
            32.651800848431535
          ],
          [
            105.884532097271233,
            32.648789780723199
          ],
          [
            105.881114128521233,
            32.642523504681535
          ],
          [
            105.867442253521233,
            32.591376043744035
          ],
          [
            105.865244987896233,
            32.576483465619035
          ],
          [
            105.855479362896233,
            32.560003973431535
          ],
          [
            105.853282097271233,
            32.549750067181535
          ],
          [
            105.861338737896233,
            32.507676499473199
          ],
          [
            105.860606316021233,
            32.491766668744035
          ],
          [
            105.852549675396233,
            32.470404364056535
          ],
          [
            105.836517774354547,
            32.445827541139863
          ],
          [
            105.815440300396233,
            32.427069403119035
          ],
          [
            105.791840039979547,
            32.423447983848199
          ],
          [
            105.795095248312919,
            32.417425848431535
          ],
          [
            105.802012566021233,
            32.401638088014863
          ],
          [
            105.805430534771233,
            32.395534572389863
          ],
          [
            105.767670118104547,
            32.393093166139863
          ],
          [
            105.750661654562919,
            32.387030340619035
          ],
          [
            105.737071159771233,
            32.375026759889863
          ],
          [
            105.709076368104547,
            32.319769598431535
          ],
          [
            105.713633659771233,
            32.316758530723199
          ],
          [
            105.730967644146233,
            32.308457749473199
          ],
          [
            105.737803581646233,
            32.303778387494035
          ],
          [
            105.731374545187919,
            32.297064520306535
          ],
          [
            105.716726107687919,
            32.286240952598199
          ],
          [
            105.715424024354547,
            32.272731838014863
          ],
          [
            105.717784050396233,
            32.258246160931535
          ],
          [
            105.722666862896233,
            32.245672918744035
          ],
          [
            105.729746941021233,
            32.237860418744035
          ],
          [
            105.723887566021233,
            32.229315496869035
          ],
          [
            105.723643425396233,
            32.223740952598199
          ],
          [
            105.727142774354547,
            32.219183660931535
          ],
          [
            105.733409050396233,
            32.213975327598199
          ],
          [
            105.737722201437919,
            32.205104884889863
          ],
          [
            105.731618685812919,
            32.198919989056535
          ],
          [
            105.722585482687919,
            32.194444077598199
          ],
          [
            105.716726107687919,
            32.190700588014863
          ],
          [
            105.688731316021233,
            32.149115301556535
          ],
          [
            105.711680534771233,
            32.142849025514863
          ],
          [
            105.715424024354547,
            32.128770249473199
          ],
          [
            105.712901237896233,
            32.111029364056535
          ],
          [
            105.716726107687919,
            32.093858140098199
          ],
          [
            105.707937045187919,
            32.092149155723199
          ],
          [
            105.704600456646233,
            32.089870509889863
          ],
          [
            105.702077670187919,
            32.086289780723199
          ],
          [
            105.695567253521233,
            32.080837306764863
          ],
          [
            105.705739779562919,
            32.075018621869035
          ],
          [
            105.709239128521233,
            32.066839910931535
          ],
          [
            105.705739779562919,
            32.058661199994035
          ],
          [
            105.695567253521233,
            32.052923895306535
          ],
          [
            105.701914909771233,
            32.045518296348199
          ],
          [
            105.717051628521233,
            32.037665106244035
          ],
          [
            105.723562045187919,
            32.032416082806535
          ],
          [
            105.727142774354547,
            32.024033921348199
          ],
          [
            105.727549675396233,
            32.010606186973199
          ],
          [
            105.733409050396233,
            32.002020574994035
          ],
          [
            105.741221550396233,
            31.996852931764863
          ],
          [
            105.746592644146233,
            31.995672918744035
          ],
          [
            105.749766472271233,
            31.992377020306535
          ],
          [
            105.750661654562919,
            31.980902410931535
          ],
          [
            105.749603711854547,
            31.971380926556535
          ],
          [
            105.744395378521233,
            31.953721421348199
          ],
          [
            105.743337435812919,
            31.943060614056535
          ],
          [
            105.757741732687919,
            31.950140692181535
          ],
          [
            105.768321159771233,
            31.948431707806535
          ],
          [
            105.776784701437919,
            31.944037176556535
          ],
          [
            105.784922722271233,
            31.943060614056535
          ],
          [
            105.794037305604547,
            31.947292384889863
          ],
          [
            105.803965691021233,
            31.957627671348199
          ],
          [
            105.812754753521233,
            31.964178778119035
          ],
          [
            105.820567253521233,
            31.951686916139863
          ],
          [
            105.822845899354547,
            31.940863348431535
          ],
          [
            105.818369987896233,
            31.931341864056535
          ],
          [
            105.805430534771233,
            31.922552801556535
          ],
          [
            105.839691602479547,
            31.910427150514863
          ],
          [
            105.853282097271233,
            31.908880926556535
          ],
          [
            105.845876498312919,
            31.884711004681535
          ],
          [
            105.838877800396233,
            31.876288153119035
          ],
          [
            105.825856967062919,
            31.874131577598199
          ],
          [
            105.825856967062919,
            31.867946681764863
          ],
          [
            105.831716342062919,
            31.863714910931535
          ],
          [
            105.835052930604547,
            31.860296942181535
          ],
          [
            105.835703972271233,
            31.855576890098199
          ],
          [
            105.833425326437919,
            31.847479559369035
          ],
          [
            105.848073763937919,
            31.850287176556535
          ],
          [
            105.859060092062919,
            31.855292059369035
          ],
          [
            105.869151237896233,
            31.858343817181535
          ],
          [
            105.881114128521233,
            31.854925848431535
          ],
          [
            105.873138868104547,
            31.823350327598199
          ],
          [
            105.892100456646233,
            31.799383856244035
          ],
          [
            105.921153191021233,
            31.789374090619035
          ],
          [
            105.943288607687919,
            31.799627996869035
          ],
          [
            105.943858269146233,
            31.780462957806535
          ],
          [
            105.935069206646233,
            31.763495184369035
          ],
          [
            105.933848503521233,
            31.749090887494035
          ],
          [
            105.956716342062919,
            31.737616278119035
          ],
          [
            105.940114779562919,
            31.723578192181535
          ],
          [
            105.938731316021233,
            31.708563543744035
          ],
          [
            105.948171420187919,
            31.694199936973199
          ],
          [
            105.963145378521233,
            31.682399806764863
          ],
          [
            105.956390821229547,
            31.682928778119035
          ],
          [
            105.935801628521233,
            31.682399806764863
          ],
          [
            105.940440300396233,
            31.672959702598199
          ],
          [
            105.943288607687919,
            31.669297593223199
          ],
          [
            105.936940951437919,
            31.663885809369035
          ],
          [
            105.931651237896233,
            31.657253322389863
          ],
          [
            105.928396029562919,
            31.649603582806535
          ],
          [
            105.928802930604547,
            31.641384181764863
          ],
          [
            105.934255404562919,
            31.635443426556535
          ],
          [
            105.942556185812919,
            31.635931707806535
          ],
          [
            105.951263868104547,
            31.637640692181535
          ],
          [
            105.956716342062919,
            31.635199285931535
          ],
          [
            105.961436394146233,
            31.618516343223199
          ],
          [
            105.963145378521233,
            31.586778061973199
          ],
          [
            105.970469597271233,
            31.573106186973199
          ],
          [
            105.982595248312919,
            31.582464910931535
          ],
          [
            105.997976107687919,
            31.609157619264863
          ],
          [
            106.008067253521233,
            31.614691473431535
          ],
          [
            106.052419467062919,
            31.579901434369035
          ],
          [
            106.059255404562919,
            31.568670965619035
          ],
          [
            106.064138217062919,
            31.552354233848199
          ],
          [
            106.060801628521233,
            31.537787176556535
          ],
          [
            106.042084180604547,
            31.531520900514863
          ],
          [
            106.030690951437919,
            31.525213934369035
          ],
          [
            106.021006706646233,
            31.511338608848199
          ],
          [
            106.020111524354547,
            31.497422593223199
          ],
          [
            106.035248243104547,
            31.491156317181535
          ],
          [
            106.038096550396233,
            31.483750718223199
          ],
          [
            106.039805534771233,
            31.448513088014863
          ],
          [
            106.038666211854547,
            31.436590887494035
          ],
          [
            106.024668816021233,
            31.412624416139863
          ],
          [
            106.020599805604547,
            31.400254624473199
          ],
          [
            106.028412305604547,
            31.394964910931535
          ],
          [
            106.034678581646233,
            31.393866278119035
          ],
          [
            106.048106316021233,
            31.389227606244035
          ],
          [
            106.055918816021233,
            31.388128973431535
          ],
          [
            106.065114779562919,
            31.385199285931535
          ],
          [
            106.069265170187919,
            31.378526108848199
          ],
          [
            106.070811394146233,
            31.371608791139863
          ],
          [
            106.073008659771233,
            31.367702541139863
          ],
          [
            106.088389519146233,
            31.363470770306535
          ],
          [
            106.119883659771233,
            31.358669338014863
          ],
          [
            106.134938998312919,
            31.354030666139863
          ],
          [
            106.134938998312919,
            31.347194728639863
          ],
          [
            106.117279493104547,
            31.337917384889863
          ],
          [
            106.114756706646233,
            31.321722723431535
          ],
          [
            106.123220248312919,
            31.310655015098199
          ],
          [
            106.138275586854547,
            31.316758530723199
          ],
          [
            106.151459180604547,
            31.329453843223199
          ],
          [
            106.197032097271233,
            31.361436265098199
          ],
          [
            106.208994987896233,
            31.336778061973199
          ],
          [
            106.210703972271233,
            31.33010488488987
          ],
          [
            106.213877800396233,
            31.326280015098199
          ],
          [
            106.221690300396233,
            31.326483465619035
          ],
          [
            106.230397982687919,
            31.327582098431535
          ],
          [
            106.236827019146233,
            31.32668691613987
          ],
          [
            106.247325066021233,
            31.318711655723199
          ],
          [
            106.258555534771233,
            31.308172918744035
          ],
          [
            106.267344597271233,
            31.295599676556535
          ],
          [
            106.270925326437919,
            31.281683660931535
          ],
          [
            106.267832878521233,
            31.267889715619035
          ],
          [
            106.259938998312919,
            31.252264715619035
          ],
          [
            106.250010612896233,
            31.23781972863987
          ],
          [
            106.240489128521233,
            31.227118231244035
          ],
          [
            106.228037956646233,
            31.221136785931535
          ],
          [
            106.214366081646233,
            31.21657949426487
          ],
          [
            106.211436394146233,
            31.211249090619035
          ],
          [
            106.230479362896233,
            31.203192449994035
          ],
          [
            106.243337435812919,
            31.207139390098199
          ],
          [
            106.249522331646233,
            31.19729238488987
          ],
          [
            106.253672722271233,
            31.181016343223199
          ],
          [
            106.261241081646233,
            31.165961004681535
          ],
          [
            106.287852409771233,
            31.146551824994035
          ],
          [
            106.292002800396233,
            31.144842840619035
          ],
          [
            106.296641472271233,
            31.13186269738987
          ],
          [
            106.307546420187919,
            31.130194403119035
          ],
          [
            106.326182487896233,
            31.134873765098199
          ],
          [
            106.346202019146233,
            31.120306707806535
          ],
          [
            106.346771680604547,
            31.107041733848199
          ],
          [
            106.341319206646233,
            31.09475332238987
          ],
          [
            106.343435092062919,
            31.083075262494035
          ],
          [
            106.351328972271233,
            31.079942124473199
          ],
          [
            106.361745638937919,
            31.07961660363987
          ],
          [
            106.370697461854547,
            31.07766347863987
          ],
          [
            106.374522331646233,
            31.069688218223199
          ],
          [
            106.395030144146233,
            31.045518296348199
          ],
          [
            106.378184441021233,
            31.033514715619035
          ],
          [
            106.355967644146233,
            31.030218817181535
          ],
          [
            106.332937045187919,
            31.029486395306535
          ],
          [
            106.312510612896233,
            31.025010483848199
          ],
          [
            106.325043164979547,
            31.013617254681535
          ],
          [
            106.344655795187919,
            30.998968817181535
          ],
          [
            106.356862826437919,
            30.985296942181535
          ],
          [
            106.346690300396233,
            30.976629949994035
          ],
          [
            106.332530144146233,
            30.98000722863987
          ],
          [
            106.297536654562919,
            31.00320058801487
          ],
          [
            106.279063347271233,
            31.011419989056535
          ],
          [
            106.256114128521233,
            31.016669012494035
          ],
          [
            106.255951368104547,
            31.013495184369035
          ],
          [
            106.257823112896233,
            31.004584051556535
          ],
          [
            106.261729362896233,
            30.996161199994035
          ],
          [
            106.271494987896233,
            30.992377020306535
          ],
          [
            106.270925326437919,
            30.984076239056535
          ],
          [
            106.258311394146233,
            30.96511465051487
          ],
          [
            106.240489128521233,
            30.962266343223199
          ],
          [
            106.200205925396233,
            30.970404364056535
          ],
          [
            106.188405795187919,
            30.95974355676487
          ],
          [
            106.180756055604547,
            30.912787176556535
          ],
          [
            106.172536654562919,
            30.902167059369035
          ],
          [
            106.161143425396233,
            30.893662827598199
          ],
          [
            106.141123894146233,
            30.852158921348199
          ],
          [
            106.131276888937919,
            30.83669668176487
          ],
          [
            106.099619987896233,
            30.801947332806535
          ],
          [
            106.085703972271233,
            30.780381577598199
          ],
          [
            106.079681836854547,
            30.76125722863987
          ],
          [
            106.089121941021233,
            30.746039129681535
          ],
          [
            106.106455925396233,
            30.728583074994035
          ],
          [
            106.115651888937919,
            30.711249090619035
          ],
          [
            106.100840691021233,
            30.696112371869035
          ],
          [
            106.088308138937919,
            30.709336655723199
          ],
          [
            106.072194857687919,
            30.71413808801487
          ],
          [
            106.058441602479547,
            30.70730215051487
          ],
          [
            106.052419467062919,
            30.685858465619035
          ],
          [
            106.057383659771233,
            30.665716864056535
          ],
          [
            106.069834831646233,
            30.666367905723199
          ],
          [
            106.087412956646233,
            30.672471421348199
          ],
          [
            106.107025586854547,
            30.668768621869035
          ],
          [
            106.118907097271233,
            30.64992910363987
          ],
          [
            106.106374545187919,
            30.634711004681535
          ],
          [
            106.083018425396233,
            30.624701239056535
          ],
          [
            106.062998894146233,
            30.620957749473199
          ],
          [
            106.062754753521233,
            30.61404043176487
          ],
          [
            106.069265170187919,
            30.579535223431535
          ],
          [
            106.066742383729547,
            30.566351629681535
          ],
          [
            106.084076368104547,
            30.571722723431535
          ],
          [
            106.093760612896233,
            30.576361395306535
          ],
          [
            106.098399284771233,
            30.574286199994035
          ],
          [
            106.100840691021233,
            30.559515692181535
          ],
          [
            106.096608920187919,
            30.549139715619035
          ],
          [
            106.089366081646233,
            30.53884511926487
          ],
          [
            106.089366081646233,
            30.531805731244035
          ],
          [
            106.107025586854547,
            30.531602280723199
          ],
          [
            106.120046420187919,
            30.538885809369035
          ],
          [
            106.132904493104547,
            30.549872137494035
          ],
          [
            106.145111524354547,
            30.55349355676487
          ],
          [
            106.155365430604547,
            30.538397528119035
          ],
          [
            106.152924024354547,
            30.532171942181535
          ],
          [
            106.141693555604547,
            30.48318105676487
          ],
          [
            106.113780144146233,
            30.50075918176487
          ],
          [
            106.103770378521233,
            30.499701239056535
          ],
          [
            106.090342644146233,
            30.486883856244035
          ],
          [
            106.095306836854547,
            30.477850653119035
          ],
          [
            106.135345899354547,
            30.455267645306535
          ],
          [
            106.148529493104547,
            30.449652410931535
          ],
          [
            106.152761263937919,
            30.465155340619035
          ],
          [
            106.164561394146233,
            30.463446356244035
          ],
          [
            106.177012566021233,
            30.45046621301487
          ],
          [
            106.182871941021233,
            30.432237046348199
          ],
          [
            106.185964388937919,
            30.41311269738987
          ],
          [
            106.193369987896233,
            30.411566473431535
          ],
          [
            106.202565951437919,
            30.421332098431535
          ],
          [
            106.210703972271233,
            30.435980535931535
          ],
          [
            106.224701368104547,
            30.398301499473199
          ],
          [
            106.230479362896233,
            30.387559311973199
          ],
          [
            106.243174675396233,
            30.375352280723199
          ],
          [
            106.254974805604547,
            30.370062567181535
          ],
          [
            106.266774935812919,
            30.366644598431535
          ],
          [
            106.279063347271233,
            30.360296942181535
          ],
          [
            106.250417513937919,
            30.339789129681535
          ],
          [
            106.264903191021233,
            30.327704168744035
          ],
          [
            106.268565300396233,
            30.305365301556535
          ],
          [
            106.264903191021233,
            30.281561590619035
          ],
          [
            106.257823112896233,
            30.264715887494035
          ],
          [
            106.251963737896233,
            30.270453192181535
          ],
          [
            106.241953972271233,
            30.278143621869035
          ],
          [
            106.236827019146233,
            30.28518300988987
          ],
          [
            106.226328972271233,
            30.250067449994035
          ],
          [
            106.220306836854547,
            30.24050527551487
          ],
          [
            106.203216993104547,
            30.203233140098199
          ],
          [
            106.205495638937919,
            30.18972402551487
          ],
          [
            106.211680534771233,
            30.18679433801487
          ],
          [
            106.221283399354547,
            30.185858465619035
          ],
          [
            106.233653191021233,
            30.178412176556535
          ],
          [
            106.235036654562919,
            30.170843817181535
          ],
          [
            106.230072461854547,
            30.16091543176487
          ],
          [
            106.216888868104547,
            30.140570379681535
          ],
          [
            106.229909701437919,
            30.136908270306535
          ],
          [
            106.249522331646233,
            30.154120184369035
          ],
          [
            106.264659050396233,
            30.154852606244035
          ],
          [
            106.263275586854547,
            30.147528387494035
          ],
          [
            106.262950066021233,
            30.133408921348199
          ],
          [
            106.268483920187919,
            30.124945379681535
          ],
          [
            106.285166862896233,
            30.134344793744035
          ],
          [
            106.289561394146233,
            30.123846746869035
          ],
          [
            106.285655144146233,
            30.114854233848199
          ],
          [
            106.277842644146233,
            30.105414129681535
          ],
          [
            106.270925326437919,
            30.093369858848199
          ],
          [
            106.294851107687919,
            30.091986395306535
          ],
          [
            106.309580925396233,
            30.085557358848199
          ],
          [
            106.315440300396233,
            30.070990301556535
          ],
          [
            106.311615430604547,
            30.03738027551487
          ],
          [
            106.309662305604547,
            30.028387762494035
          ],
          [
            106.303151888937919,
            30.020819403119035
          ],
          [
            106.275889519146233,
            30.014349676556535
          ],
          [
            106.271494987896233,
            30.006537176556535
          ],
          [
            106.273203972271233,
            29.997259832806535
          ],
          [
            106.279063347271233,
            29.989691473431535
          ],
          [
            106.285166862896233,
            29.989691473431535
          ],
          [
            106.295827670187919,
            30.002061265098199
          ],
          [
            106.319021029562919,
            30.002061265098199
          ],
          [
            106.337494336854547,
            29.989325262494035
          ],
          [
            106.333018425396233,
            29.962998765098199
          ],
          [
            106.362071159771233,
            29.946885483848199
          ],
          [
            106.379242383729547,
            29.926621811973199
          ],
          [
            106.408702019146233,
            29.873643296348199
          ],
          [
            106.426361524354547,
            29.853461004681535
          ],
          [
            106.509369336854547,
            29.782294012494035
          ],
          [
            106.520111524354547,
            29.769476629681535
          ],
          [
            106.524831576437919,
            29.753851629681535
          ],
          [
            106.523529493104547,
            29.721380926556535
          ],
          [
            106.516693555604547,
            29.703436590619035
          ],
          [
            106.501231316021233,
            29.695502020306535
          ],
          [
            106.470795118104547,
            29.705877996869035
          ],
          [
            106.456390821229547,
            29.704291082806535
          ],
          [
            106.450205925396233,
            29.68532949426487
          ],
          [
            106.452159050396233,
            29.677598374473199
          ],
          [
            106.461029493104547,
            29.662420965619035
          ],
          [
            106.463877800396233,
            29.65456777551487
          ],
          [
            106.462412956646233,
            29.650702215619035
          ],
          [
            106.459401888937919,
            29.645127671348199
          ],
          [
            106.458506706646233,
            29.637518621869035
          ],
          [
            106.463877800396233,
            29.627264715619035
          ],
          [
            106.459239128521233,
            29.595567124473199
          ],
          [
            106.497813347271233,
            29.577093817181535
          ],
          [
            106.550222201437919,
            29.57326894738987
          ],
          [
            106.586843295187919,
            29.585638739056535
          ]
        ]
      }
    },
    {
      "type": "Feature",
      "properties": {
        "dissolve": "540River",
        "scalerank": 7.0,
        "featurecla": "River",
        "name": "Yalong",
        "name_alt": null,
        "rivernum": 540,
        "note": null,
        "min_zoom": 6.0,
        "name_en": "Yalong",
        "min_label": 7.0
      },
      "geometry": {
        "type": "LineString",
        "coordinates": [
          [
            97.616628451437919,
            34.064235744264863
          ],
          [
            97.609060092062919,
            34.046006577598199
          ],
          [
            97.591319206646233,
            34.033718166139863
          ],
          [
            97.345713737896233,
            33.942084051556535
          ],
          [
            97.328298373312919,
            33.931911525514863
          ],
          [
            97.313243034771233,
            33.920477606244035
          ],
          [
            97.235769076437919,
            33.841986395306535
          ],
          [
            97.226735873312919,
            33.834906317181535
          ],
          [
            97.216400586854547,
            33.831732489056535
          ],
          [
            97.190847201437919,
            33.828802801556535
          ],
          [
            97.181895378521233,
            33.824326890098199
          ],
          [
            97.172373894146233,
            33.817450262494035
          ],
          [
            97.164642774354547,
            33.814479884889863
          ],
          [
            97.159271680604547,
            33.809637762494035
          ],
          [
            97.157237175396233,
            33.797064520306535
          ],
          [
            97.159434441021233,
            33.787705796348199
          ],
          [
            97.171641472271233,
            33.759141343223199
          ],
          [
            97.217295769146233,
            33.554144598431535
          ],
          [
            97.223562045187919,
            33.538275457806535
          ],
          [
            97.231944206646233,
            33.524115301556535
          ],
          [
            97.243662956646233,
            33.509059963014863
          ],
          [
            97.248057487896233,
            33.494086004681535
          ],
          [
            97.248220248312919,
            33.474920965619035
          ],
          [
            97.251556836854547,
            33.458319403119035
          ],
          [
            97.276377800396233,
            33.444891668744035
          ],
          [
            97.331716342062919,
            33.373155015098199
          ],
          [
            97.344167513937919,
            33.360907293744035
          ],
          [
            97.359385612896233,
            33.355739650514863
          ],
          [
            97.396901888937919,
            33.352606512494035
          ],
          [
            97.417002800396233,
            33.348171291139863
          ],
          [
            97.431651237896233,
            33.341416733848199
          ],
          [
            97.473887566021233,
            33.358221746869035
          ],
          [
            97.518646680604547,
            33.370062567181535
          ],
          [
            97.564545118104547,
            33.376166082806535
          ],
          [
            97.609792513937919,
            33.375555731244035
          ],
          [
            97.672373894146233,
            33.363633530723199
          ],
          [
            97.695404493104547,
            33.361924546348199
          ],
          [
            97.715830925396233,
            33.368516343223199
          ],
          [
            97.749440951437919,
            33.399766343223199
          ],
          [
            97.768077019146233,
            33.409735418744035
          ],
          [
            97.800547722271233,
            33.402370509889863
          ],
          [
            97.840017123312919,
            33.376572983848199
          ],
          [
            97.875661654562919,
            33.343329168744035
          ],
          [
            97.897227409771233,
            33.313544012494035
          ],
          [
            97.899343295187919,
            33.304144598431535
          ],
          [
            97.901377800396233,
            33.281358140098199
          ],
          [
            97.904063347271233,
            33.272528387494035
          ],
          [
            97.911387566021233,
            33.262966213014863
          ],
          [
            97.951263868104547,
            33.228623765098199
          ],
          [
            97.969493034771233,
            33.222479559369035
          ],
          [
            98.045664909771233,
            33.215114650514863
          ],
          [
            98.055430534771233,
            33.211127020306535
          ],
          [
            98.060313347271233,
            33.205145574994035
          ],
          [
            98.065114779562919,
            33.195990301556535
          ],
          [
            98.071055534771233,
            33.187526759889863
          ],
          [
            98.079112175396233,
            33.183783270306535
          ],
          [
            98.116302930604547,
            33.179754949994035
          ],
          [
            98.157806836854547,
            33.170192775514863
          ],
          [
            98.172943555604547,
            33.158392645306535
          ],
          [
            98.186452670187919,
            33.142442124473199
          ],
          [
            98.201914909771233,
            33.128363348431535
          ],
          [
            98.223399284771233,
            33.122341213014863
          ],
          [
            98.237640821229547,
            33.116400457806535
          ],
          [
            98.319753451437919,
            33.045599676556535
          ],
          [
            98.336924675396233,
            33.014593817181535
          ],
          [
            98.364024284771233,
            32.936794338014863
          ],
          [
            98.391612175396233,
            32.904974676556535
          ],
          [
            98.432383659771233,
            32.888983465619035
          ],
          [
            98.521006706646233,
            32.868475653119035
          ],
          [
            98.576426628521233,
            32.844427801556535
          ],
          [
            98.593272331646233,
            32.841172593223199
          ],
          [
            98.603770378521233,
            32.846543686973199
          ],
          [
            98.612233920187919,
            32.859198309369035
          ],
          [
            98.619639519146233,
            32.873968817181535
          ],
          [
            98.627452019146233,
            32.885565496869035
          ],
          [
            98.643890821229547,
            32.890163478639863
          ],
          [
            98.664642774354547,
            32.883368231244035
          ],
          [
            98.761241081646233,
            32.820664780723199
          ],
          [
            98.765635612896233,
            32.833685614056535
          ],
          [
            98.775808138937919,
            32.832220770306535
          ],
          [
            98.788096550396233,
            32.825018621869035
          ],
          [
            98.799082878521233,
            32.820664780723199
          ],
          [
            98.816905144146233,
            32.817694403119035
          ],
          [
            98.822032097271233,
            32.809515692181535
          ],
          [
            98.824229362896233,
            32.797430731244035
          ],
          [
            98.833099805604547,
            32.782822983848199
          ],
          [
            98.851654493104547,
            32.759344793744035
          ],
          [
            98.862396680604547,
            32.752875067181535
          ],
          [
            98.877940300396233,
            32.755479233848199
          ],
          [
            98.904307487896233,
            32.764471746869035
          ],
          [
            98.905284050396233,
            32.766058660931535
          ],
          [
            98.914805534771233,
            32.763780015098199
          ],
          [
            98.925791862896233,
            32.754502671348199
          ],
          [
            98.935964388937919,
            32.752386785931535
          ],
          [
            98.953542513937919,
            32.754706121869035
          ],
          [
            98.981455925396233,
            32.764431056764863
          ],
          [
            98.994069857687919,
            32.766058660931535
          ],
          [
            99.003916862896233,
            32.762315171348199
          ],
          [
            99.041840039979547,
            32.738104559369035
          ],
          [
            99.049733920187919,
            32.728135483848199
          ],
          [
            99.056162956646233,
            32.703680731244035
          ],
          [
            99.062266472271233,
            32.689764715619035
          ],
          [
            99.095876498312919,
            32.650458074994035
          ],
          [
            99.103933138937919,
            32.635117905723199
          ],
          [
            99.089854362896233,
            32.627752996869035
          ],
          [
            99.082123243104547,
            32.610052801556535
          ],
          [
            99.081716342062919,
            32.589707749473199
          ],
          [
            99.090261263937919,
            32.574286199994035
          ],
          [
            99.071543816021233,
            32.562282619264863
          ],
          [
            99.064463737896233,
            32.539618231244035
          ],
          [
            99.065033399354547,
            32.513698634889863
          ],
          [
            99.069590691021233,
            32.491766668744035
          ],
          [
            99.082611524354547,
            32.456651108848199
          ],
          [
            99.082611524354547,
            32.443915106244035
          ],
          [
            99.076752149354547,
            32.437323309369035
          ],
          [
            99.053721550396233,
            32.423610744264863
          ],
          [
            99.043223503521233,
            32.414862371869035
          ],
          [
            99.031504753521233,
            32.412543035931535
          ],
          [
            99.019786003521233,
            32.408636785931535
          ],
          [
            99.014414909771233,
            32.398952541139863
          ],
          [
            99.010264519146233,
            32.383653061973199
          ],
          [
            99.000254753521233,
            32.378770249473199
          ],
          [
            98.988047722271233,
            32.377142645306535
          ],
          [
            98.966563347271233,
            32.367254949994035
          ],
          [
            98.951670769146233,
            32.365261134889863
          ],
          [
            98.938243034771233,
            32.361151434369035
          ],
          [
            98.932546420187919,
            32.350856838014863
          ],
          [
            98.934987826437919,
            32.338934637494035
          ],
          [
            98.952891472271233,
            32.299912827598199
          ],
          [
            98.976573112896233,
            32.305528061973199
          ],
          [
            98.995941602479547,
            32.299994207806535
          ],
          [
            99.013275586854547,
            32.290961004681535
          ],
          [
            99.031504753521233,
            32.286240952598199
          ],
          [
            99.041270378521233,
            32.285101629681535
          ],
          [
            99.062266472271233,
            32.279974676556535
          ],
          [
            99.072764519146233,
            32.278835353639863
          ],
          [
            99.082286003521233,
            32.282782293744035
          ],
          [
            99.106618685812919,
            32.301052150514863
          ],
          [
            99.117442253521233,
            32.306748765098199
          ],
          [
            99.142019076437919,
            32.308213608848199
          ],
          [
            99.203135612896233,
            32.293076890098199
          ],
          [
            99.225515170187919,
            32.292425848431535
          ],
          [
            99.245697461854547,
            32.289007879681535
          ],
          [
            99.264414909771233,
            32.280625718223199
          ],
          [
            99.281993034771233,
            32.265163478639863
          ],
          [
            99.302338086854547,
            32.231634832806535
          ],
          [
            99.323659701437919,
            32.186957098431535
          ],
          [
            99.326670769146233,
            32.175360418744035
          ],
          [
            99.333750847271233,
            32.170274155723199
          ],
          [
            99.340830925396233,
            32.168321030723199
          ],
          [
            99.344004753521233,
            32.165838934369035
          ],
          [
            99.345144076437919,
            32.150702215619035
          ],
          [
            99.348399284771233,
            32.147162176556535
          ],
          [
            99.354746941021233,
            32.147080796348199
          ],
          [
            99.364512566021233,
            32.142279364056535
          ],
          [
            99.395030144146233,
            32.117621160931535
          ],
          [
            99.412201368104547,
            32.110622463014863
          ],
          [
            99.436289909771233,
            32.108181056764863
          ],
          [
            99.455332878521233,
            32.102972723431535
          ],
          [
            99.463877800396233,
            32.089300848431535
          ],
          [
            99.467458529562919,
            32.046698309369035
          ],
          [
            99.471446159771233,
            32.027899481244035
          ],
          [
            99.480479362896233,
            32.007350978639863
          ],
          [
            99.494151237896233,
            31.990790106244035
          ],
          [
            99.511810743104547,
            31.983994858848199
          ],
          [
            99.528575066021233,
            31.975165106244035
          ],
          [
            99.561045769146233,
            31.932155666139863
          ],
          [
            99.576182487896233,
            31.916327215619035
          ],
          [
            99.635834180604547,
            31.896755275514863
          ],
          [
            99.645030144146233,
            31.885036525514863
          ],
          [
            99.647227409771233,
            31.875352280723199
          ],
          [
            99.656667513937919,
            31.853623765098199
          ],
          [
            99.658702019146233,
            31.844020900514863
          ],
          [
            99.656748894146233,
            31.822577215619035
          ],
          [
            99.658376498312919,
            31.817002671348199
          ],
          [
            99.665537956646233,
            31.806463934369035
          ],
          [
            99.682139519146233,
            31.790879624473199
          ],
          [
            99.720713737896233,
            31.772894598431535
          ],
          [
            99.737640821229547,
            31.762152410931535
          ],
          [
            99.752045118104547,
            31.743434963014863
          ],
          [
            99.781667513937919,
            31.676133530723199
          ],
          [
            99.806162956646233,
            31.651719468223199
          ],
          [
            99.841319206646233,
            31.640936590619035
          ],
          [
            99.970225456646233,
            31.628851629681535
          ],
          [
            100.017832878521233,
            31.616034246869035
          ],
          [
            100.060557487896233,
            31.595567124473199
          ],
          [
            100.090017123312919,
            31.566270249473199
          ],
          [
            100.096934441021233,
            31.545192775514863
          ],
          [
            100.102305534771233,
            31.500596421348199
          ],
          [
            100.114024284771233,
            31.480983791139863
          ],
          [
            100.140554232687919,
            31.460272528119035
          ],
          [
            100.155528191021233,
            31.453680731244035
          ],
          [
            100.159190300396233,
            31.445868231244035
          ],
          [
            100.161631706646233,
            31.436631577598199
          ],
          [
            100.165131055604547,
            31.429144598431535
          ],
          [
            100.183116081646233,
            31.416612046348199
          ],
          [
            100.206146680604547,
            31.405707098431535
          ],
          [
            100.226166211854547,
            31.392116603639863
          ],
          [
            100.234792513937919,
            31.371405340619035
          ],
          [
            100.239268425396233,
            31.349676824994035
          ],
          [
            100.268890821229547,
            31.298773504681535
          ],
          [
            100.282318555604547,
            31.257269598431535
          ],
          [
            100.291514519146233,
            31.19192129113987
          ],
          [
            100.305186394146233,
            31.150458074994035
          ],
          [
            100.309825066021233,
            31.128037827598199
          ],
          [
            100.309825066021233,
            31.064520574994035
          ],
          [
            100.306407097271233,
            31.052313543744035
          ],
          [
            100.308604362896233,
            31.040838934369035
          ],
          [
            100.308848503521233,
            30.95925527551487
          ],
          [
            100.307871941021233,
            30.950791733848199
          ],
          [
            100.306244336854547,
            30.943670965619035
          ],
          [
            100.302989128521233,
            30.93630605676487
          ],
          [
            100.278900586854547,
            30.91872793176487
          ],
          [
            100.266205274354547,
            30.89602285363987
          ],
          [
            100.245127800396233,
            30.888739324994035
          ],
          [
            100.199961784771233,
            30.881659246869035
          ],
          [
            100.163828972271233,
            30.85671621301487
          ],
          [
            100.149831576437919,
            30.821112371869035
          ],
          [
            100.152191602479547,
            30.779893296348199
          ],
          [
            100.197032097271233,
            30.65798574426487
          ],
          [
            100.217702670187919,
            30.626328843223199
          ],
          [
            100.248464388937919,
            30.600449936973199
          ],
          [
            100.271983269146233,
            30.584580796348199
          ],
          [
            100.288828972271233,
            30.570257879681535
          ],
          [
            100.316742383729547,
            30.538397528119035
          ],
          [
            100.332774284771233,
            30.525010483848199
          ],
          [
            100.355723503521233,
            30.51443105676487
          ],
          [
            100.382334831646233,
            30.507391668744035
          ],
          [
            100.409434441021233,
            30.50490957238987
          ],
          [
            100.440114779562919,
            30.463324285931535
          ],
          [
            100.453623894146233,
            30.448797918744035
          ],
          [
            100.463145378521233,
            30.444037176556535
          ],
          [
            100.532969597271233,
            30.438666082806535
          ],
          [
            100.562510612896233,
            30.430528061973199
          ],
          [
            100.577403191021233,
            30.414903061973199
          ],
          [
            100.587982618104547,
            30.420762436973199
          ],
          [
            100.594004753521233,
            30.419785874473199
          ],
          [
            100.604584180604547,
            30.408067124473199
          ],
          [
            100.605235222271233,
            30.405218817181535
          ],
          [
            100.604584180604547,
            30.391302801556535
          ],
          [
            100.606455925396233,
            30.387152410931535
          ],
          [
            100.610362175396233,
            30.38747793176487
          ],
          [
            100.614838086854547,
            30.388861395306535
          ],
          [
            100.618256055604547,
            30.387559311973199
          ],
          [
            100.628672722271233,
            30.374863999473199
          ],
          [
            100.639740430604547,
            30.366807358848199
          ],
          [
            100.666107618104547,
            30.354071356244035
          ],
          [
            100.680918816021233,
            30.343369858848199
          ],
          [
            100.691009961854547,
            30.330633856244035
          ],
          [
            100.707041862896233,
            30.29885488488987
          ],
          [
            100.716563347271233,
            30.28542715051487
          ],
          [
            100.728037956646233,
            30.272324936973199
          ],
          [
            100.737722201437919,
            30.257920640098199
          ],
          [
            100.741791211854547,
            30.24050527551487
          ],
          [
            100.750254753521233,
            30.225897528119035
          ],
          [
            100.787364128521233,
            30.221055405723199
          ],
          [
            100.804209831646233,
            30.193426824994035
          ],
          [
            100.822845899354547,
            30.194037176556535
          ],
          [
            100.842865430604547,
            30.199042059369035
          ],
          [
            100.854502800396233,
            30.199530340619035
          ],
          [
            100.863047722271233,
            30.18972402551487
          ],
          [
            100.866221550396233,
            30.18703847863987
          ],
          [
            100.915700717062919,
            30.19607168176487
          ],
          [
            100.936696810812919,
            30.207586981244035
          ],
          [
            100.956634961854547,
            30.210638739056535
          ],
          [
            100.977956576437919,
            30.209092515098199
          ],
          [
            100.995697461854547,
            30.203233140098199
          ],
          [
            101.002207878521233,
            30.180039780723199
          ],
          [
            100.998789909771233,
            30.157294012494035
          ],
          [
            100.991953972271233,
            30.13601308801487
          ],
          [
            100.988210482687919,
            30.117254949994035
          ],
          [
            100.994395378521233,
            30.110459702598199
          ],
          [
            101.006114128521233,
            30.107001043744035
          ],
          [
            101.013194206646233,
            30.10183340051487
          ],
          [
            101.005625847271233,
            30.089951890098199
          ],
          [
            101.001963737896233,
            30.082220770306535
          ],
          [
            101.003509961854547,
            30.073106186973199
          ],
          [
            101.007253451437919,
            30.063055731244035
          ],
          [
            101.009369336854547,
            30.052435614056535
          ],
          [
            101.003021680604547,
            30.006903387494035
          ],
          [
            101.003021680604547,
            29.981146551556535
          ],
          [
            101.012461784771233,
            29.969834702598199
          ],
          [
            101.027191602479547,
            29.96047597863987
          ],
          [
            101.061940951437919,
            29.916123765098199
          ],
          [
            101.070811394146233,
            29.901556707806535
          ],
          [
            101.086924675396233,
            29.85915761926487
          ],
          [
            101.090342644146233,
            29.839178778119035
          ],
          [
            101.088389519146233,
            29.753770249473199
          ],
          [
            101.084401888937919,
            29.736436265098199
          ],
          [
            101.072357618104547,
            29.712347723431535
          ],
          [
            101.070811394146233,
            29.702337957806535
          ],
          [
            101.074147982687919,
            29.691473699994035
          ],
          [
            101.088145378521233,
            29.671698309369035
          ],
          [
            101.091237826437919,
            29.665106512494035
          ],
          [
            101.089935743104547,
            29.660589910931535
          ],
          [
            101.083750847271233,
            29.647894598431535
          ],
          [
            101.081065300396233,
            29.643988348431535
          ],
          [
            101.080088737896233,
            29.640488999473199
          ],
          [
            101.083425326437919,
            29.629828192181535
          ],
          [
            101.084401888937919,
            29.623846746869035
          ],
          [
            101.086680534771233,
            29.617377020306535
          ],
          [
            101.118337435812919,
            29.575628973431535
          ],
          [
            101.125091993104547,
            29.569891668744035
          ],
          [
            101.132253451437919,
            29.565781968223199
          ],
          [
            101.124766472271233,
            29.527940171348199
          ],
          [
            101.152354362896233,
            29.464667059369035
          ],
          [
            101.139659050396233,
            29.428574936973199
          ],
          [
            101.107188347271233,
            29.399725653119035
          ],
          [
            101.087575717062919,
            29.386053778119035
          ],
          [
            101.074229362896233,
            29.380194403119035
          ],
          [
            101.072520378521233,
            29.378363348431535
          ],
          [
            101.058604362896233,
            29.36965566613987
          ],
          [
            101.050303581646233,
            29.366522528119035
          ],
          [
            101.039805534771233,
            29.367051499473199
          ],
          [
            101.030528191021233,
            29.370672918744035
          ],
          [
            101.021088086854547,
            29.372137762494035
          ],
          [
            101.009369336854547,
            29.366522528119035
          ],
          [
            101.009369336854547,
            29.359727280723199
          ],
          [
            101.015879753521233,
            29.350287176556535
          ],
          [
            101.018158399354547,
            29.34548574426487
          ],
          [
            101.015635612896233,
            29.346055405723199
          ],
          [
            101.021494987896233,
            29.34450918176487
          ],
          [
            101.029307487896233,
            29.34524160363987
          ],
          [
            101.035492383729547,
            29.348089910931535
          ],
          [
            101.036062045187919,
            29.352891343223199
          ],
          [
            101.040700717062919,
            29.342352606244035
          ],
          [
            101.042979362896233,
            29.331976629681535
          ],
          [
            101.054616732687919,
            29.202948309369035
          ],
          [
            101.061696810812919,
            29.178900457806535
          ],
          [
            101.074229362896233,
            29.167914129681535
          ],
          [
            101.093760612896233,
            29.160834051556535
          ],
          [
            101.105235222271233,
            29.143255926556535
          ],
          [
            101.118662956646233,
            29.099676824994035
          ],
          [
            101.151377800396233,
            29.029974676556535
          ],
          [
            101.149912956646233,
            29.013373114056535
          ],
          [
            101.142832878521233,
            29.003363348431535
          ],
          [
            101.142181836854547,
            28.994248765098199
          ],
          [
            101.150401237896233,
            28.966660874473199
          ],
          [
            101.160817904562919,
            28.96047597863987
          ],
          [
            101.172455274354547,
            28.956162827598199
          ],
          [
            101.180674675396233,
            28.948797918744035
          ],
          [
            101.184255404562919,
            28.92800527551487
          ],
          [
            101.173838737896233,
            28.862860418744035
          ],
          [
            101.175140821229547,
            28.796454168744035
          ],
          [
            101.180674675396233,
            28.776922918744035
          ],
          [
            101.186045769146233,
            28.768662827598199
          ],
          [
            101.191416862896233,
            28.76467519738987
          ],
          [
            101.196706576437919,
            28.759873765098199
          ],
          [
            101.201101107687919,
            28.749579168744035
          ],
          [
            101.202565951437919,
            28.73928457238987
          ],
          [
            101.201914909771233,
            28.684922593223199
          ],
          [
            101.242116732687919,
            28.495184637494035
          ],
          [
            101.270437045187919,
            28.415961004681535
          ],
          [
            101.279795769146233,
            28.399115301556535
          ],
          [
            101.292979362896233,
            28.383653061973199
          ],
          [
            101.311289909771233,
            28.374701239056535
          ],
          [
            101.331065300396233,
            28.372137762494035
          ],
          [
            101.349864128521233,
            28.365790106244035
          ],
          [
            101.365000847271233,
            28.345526434369035
          ],
          [
            101.366628451437919,
            28.335760809369035
          ],
          [
            101.363291862896233,
            28.315863348431535
          ],
          [
            101.365000847271233,
            28.304551499473199
          ],
          [
            101.369395378521233,
            28.298163153119035
          ],
          [
            101.382741732687919,
            28.285752671348199
          ],
          [
            101.385508659771233,
            28.280707098431535
          ],
          [
            101.384043816021233,
            28.25735097863987
          ],
          [
            101.371755404562919,
            28.201524155723199
          ],
          [
            101.378916862896233,
            28.166083074994035
          ],
          [
            101.408213737896233,
            28.140936590619035
          ],
          [
            101.443125847271233,
            28.118963934369035
          ],
          [
            101.467377149354547,
            28.092881577598199
          ],
          [
            101.478282097271233,
            28.070746160931535
          ],
          [
            101.487315300396233,
            28.063055731244035
          ],
          [
            101.525970899354547,
            28.065008856244035
          ],
          [
            101.540537956646233,
            28.073675848431535
          ],
          [
            101.571055534771233,
            28.133856512494035
          ],
          [
            101.587901237896233,
            28.149603582806535
          ],
          [
            101.608327670187919,
            28.164618231244035
          ],
          [
            101.625417513937919,
            28.18044668176487
          ],
          [
            101.632416211854547,
            28.198431707806535
          ],
          [
            101.634776237896233,
            28.208441473431535
          ],
          [
            101.644541862896233,
            28.227850653119035
          ],
          [
            101.652924024354547,
            28.284043686973199
          ],
          [
            101.652924024354547,
            28.325628973431535
          ],
          [
            101.655772331646233,
            28.336289780723199
          ],
          [
            101.666514519146233,
            28.362860418744035
          ],
          [
            101.674408399354547,
            28.372137762494035
          ],
          [
            101.710459831646233,
            28.396673895306535
          ],
          [
            101.721202019146233,
            28.40700918176487
          ],
          [
            101.746022982687919,
            28.47439199426487
          ],
          [
            101.749115430604547,
            28.49294668176487
          ],
          [
            101.745046420187919,
            28.534857489056535
          ],
          [
            101.748220248312919,
            28.550401108848199
          ],
          [
            101.762787305604547,
            28.565252996869035
          ],
          [
            101.828135612896233,
            28.594061590619035
          ],
          [
            101.849619987896233,
            28.61208730676487
          ],
          [
            101.875987175396233,
            28.618353582806535
          ],
          [
            101.903819206646233,
            28.621201890098199
          ],
          [
            101.919932487896233,
            28.620469468223199
          ],
          [
            101.937998894146233,
            28.606756903119035
          ],
          [
            101.936045769146233,
            28.592596746869035
          ],
          [
            101.925873243104547,
            28.577582098431535
          ],
          [
            101.913828972271233,
            28.54446035363987
          ],
          [
            101.872080925396233,
            28.482733465619035
          ],
          [
            101.864268425396233,
            28.442694403119035
          ],
          [
            101.881927930604547,
            28.363348699994035
          ],
          [
            101.885752800396233,
            28.325628973431535
          ],
          [
            101.883555534771233,
            28.316514390098199
          ],
          [
            101.874278191021233,
            28.294989324994035
          ],
          [
            101.861908399354547,
            28.277655340619035
          ],
          [
            101.860850456646233,
            28.26906972863987
          ],
          [
            101.860931836854547,
            28.260321356244035
          ],
          [
            101.858409050396233,
            28.249945379681535
          ],
          [
            101.848236524354547,
            28.23171621301487
          ],
          [
            101.813731316021233,
            28.191595770306535
          ],
          [
            101.796397331646233,
            28.160508530723199
          ],
          [
            101.791595899354547,
            28.146307684369035
          ],
          [
            101.790537956646233,
            28.139268296348199
          ],
          [
            101.790131055604547,
            28.13015371301487
          ],
          [
            101.786713086854547,
            28.109483140098199
          ],
          [
            101.771983269146233,
            28.077460028119035
          ],
          [
            101.769053581646233,
            28.058172918744035
          ],
          [
            101.773936394146233,
            28.036810614056535
          ],
          [
            101.785573763937919,
            28.02834707238987
          ],
          [
            101.824310743104547,
            28.023993231244035
          ],
          [
            101.845225456646233,
            28.024237371869035
          ],
          [
            101.854502800396233,
            28.021673895306535
          ],
          [
            101.858409050396233,
            28.013128973431535
          ],
          [
            101.853526237896233,
            28.006699936973199
          ],
          [
            101.827159050396233,
            27.98928457238987
          ],
          [
            101.822845899354547,
            27.980658270306535
          ],
          [
            101.839447461854547,
            27.962510483848199
          ],
          [
            101.861257357687919,
            27.94680410363987
          ],
          [
            101.872080925396233,
            27.944891668744035
          ],
          [
            101.868581576437919,
            27.923773504681535
          ],
          [
            101.859629753521233,
            27.911240952598199
          ],
          [
            101.848562045187919,
            27.900946356244035
          ],
          [
            101.837901237896233,
            27.886175848431535
          ],
          [
            101.867442253521233,
            27.886094468223199
          ],
          [
            101.882334831646233,
            27.876532293744035
          ],
          [
            101.885345899354547,
            27.859808660931535
          ],
          [
            101.878916862896233,
            27.838446356244035
          ],
          [
            101.911550326437919,
            27.824530340619035
          ],
          [
            101.924896680604547,
            27.786240952598199
          ],
          [
            101.934255404562919,
            27.743109442181535
          ],
          [
            101.954600456646233,
            27.714911199994035
          ],
          [
            101.977305534771233,
            27.710882879681535
          ],
          [
            101.997080925396233,
            27.71242910363987
          ],
          [
            102.010834180604547,
            27.707586981244035
          ],
          [
            102.016123894146233,
            27.684515692181535
          ],
          [
            102.015147331646233,
            27.665838934369035
          ],
          [
            102.010915560812919,
            27.642767645306535
          ],
          [
            102.002614779562919,
            27.622626043744035
          ],
          [
            101.988780144146233,
            27.612494207806535
          ],
          [
            101.994395378521233,
            27.603867905723199
          ],
          [
            101.998220248312919,
            27.59572988488987
          ],
          [
            102.000498894146233,
            27.587998765098199
          ],
          [
            102.001394076437919,
            27.580674546348199
          ],
          [
            101.997569206646233,
            27.560126043744035
          ],
          [
            101.978770378521233,
            27.519842840619035
          ],
          [
            101.974538607687919,
            27.496405340619035
          ],
          [
            101.972259961854547,
            27.430487371869035
          ],
          [
            101.960866732687919,
            27.36550527551487
          ],
          [
            101.950124545187919,
            27.337225653119035
          ],
          [
            101.937266472271233,
            27.317002671348199
          ],
          [
            101.903249545187919,
            27.280096746869035
          ],
          [
            101.889089388937919,
            27.257635809369035
          ],
          [
            101.871348503521233,
            27.20534902551487
          ],
          [
            101.858409050396233,
            27.180487371869035
          ],
          [
            101.868174675396233,
            27.17605215051487
          ],
          [
            101.874278191021233,
            27.166693426556535
          ],
          [
            101.876719597271233,
            27.157416082806535
          ],
          [
            101.875498894146233,
            27.153143621869035
          ],
          [
            101.875661654562919,
            27.150946356244035
          ],
          [
            101.844737175396233,
            27.139512436973199
          ],
          [
            101.828705274354547,
            27.128037827598199
          ],
          [
            101.815521680604547,
            27.114610093223199
          ],
          [
            101.806569857687919,
            27.09743886926487
          ],
          [
            101.803233269146233,
            27.074326890098199
          ],
          [
            101.797943555604547,
            27.056097723431535
          ],
          [
            101.773692253521233,
            27.011786199994035
          ],
          [
            101.728770378521233,
            26.968817449994035
          ],
          [
            101.708425326437919,
            26.962022202598199
          ],
          [
            101.696787956646233,
            26.95681386926487
          ],
          [
            101.687103711854547,
            26.94778066613987
          ],
          [
            101.699310743104547,
            26.93215566613987
          ],
          [
            101.702728711854547,
            26.893133856244035
          ],
          [
            101.725189649354547,
            26.848456121869035
          ],
          [
            101.732188347271233,
            26.844671942181535
          ],
          [
            101.769053581646233,
            26.83791738488987
          ],
          [
            101.796478711854547,
            26.817694403119035
          ],
          [
            101.836436394146233,
            26.76345449426487
          ],
          [
            101.865244987896233,
            26.74294668176487
          ],
          [
            101.855967644146233,
            26.732041733848199
          ],
          [
            101.824310743104547,
            26.674017645306535
          ],
          [
            101.823659701437919,
            26.669256903119035
          ],
          [
            101.825205925396233,
            26.65822988488987
          ],
          [
            101.824310743104547,
            26.653509832806535
          ],
          [
            101.813405795187919,
            26.638128973431535
          ],
          [
            101.796397331646233,
            26.605088608848199
          ]
        ]
      }
    },
    {
      "type": "Feature",
      "properties": {
        "dissolve": "66River",
        "scalerank": 3.0,
        "featurecla": "River",
        "name": "Huang",
        "name_alt": null,
        "rivernum": 66,
        "note": null,
        "min_zoom": 3.0,
        "name_en": "Huang",
        "min_label": 4.0
      },
      "geometry": {
        "type": "MultiLineString",
        "coordinates": [
          [
            [
              96.164154493104547,
              35.129665431764863
            ],
            [
              96.228770378521233,
              35.111761785931535
            ],
            [
              96.249278191021233,
              35.109198309369035
            ],
            [
              96.483164909771233,
              35.105658270306535
            ],
            [
              96.534190300396233,
              35.096136785931535
            ],
            [
              96.654877149354547,
              35.050116278119035
            ],
            [
              96.705495638937919,
              35.047715561973199
            ],
            [
              96.747650586854547,
              35.053249416139863
            ],
            [
              96.811289909771233,
              35.061346746869035
            ],
            [
              96.829274935812919,
              35.053900457806535
            ],
            [
              96.867930534771233,
              35.018500067181535
            ],
            [
              96.889903191021233,
              35.006781317181535
            ],
            [
              96.946706576437919,
              34.999701239056535
            ],
            [
              96.974619987896233,
              34.991644598431535
            ],
            [
              96.986745638937919,
              34.975694077598199
            ],
            [
              96.994883659771233,
              34.948350327598199
            ],
            [
              97.015391472271233,
              34.937445379681535
            ],
            [
              97.042084180604547,
              34.932806707806535
            ],
            [
              97.072032097271233,
              34.930609442181535
            ]
          ],
          [
            [
              97.762787305604547,
              35.088080145306535
            ],
            [
              97.795909050396233,
              35.111110744264863
            ],
            [
              97.848887566021233,
              35.112250067181535
            ],
            [
              97.951752149354547,
              35.096136785931535
            ],
            [
              97.991628451437919,
              35.080593166139863
            ],
            [
              98.018483920187919,
              35.049424546348199
            ],
            [
              98.042979362896233,
              35.012315171348199
            ],
            [
              98.075856967062919,
              34.978827215619035
            ],
            [
              98.108490430604547,
              34.953884181764863
            ],
            [
              98.124440951437919,
              34.937038478639863
            ],
            [
              98.131276888937919,
              34.920762436973199
            ],
            [
              98.131114128521233,
              34.910020249473199
            ],
            [
              98.132416211854547,
              34.900254624473199
            ],
            [
              98.137299024354547,
              34.893377996869035
            ],
            [
              98.147552930604547,
              34.890692449994035
            ],
            [
              98.161794467062919,
              34.889227606244035
            ],
            [
              98.192149284771233,
              34.876410223431535
            ],
            [
              98.263682487896233,
              34.860785223431535
            ],
            [
              98.275075717062919,
              34.852158921348199
            ],
            [
              98.284678581646233,
              34.842108465619035
            ],
            [
              98.306651237896233,
              34.835516668744035
            ],
            [
              98.349619987896233,
              34.827988999473199
            ],
            [
              98.377940300396233,
              34.815293686973199
            ],
            [
              98.391774935812919,
              34.796820379681535
            ],
            [
              98.396250847271233,
              34.773627020306535
            ],
            [
              98.395762566021233,
              34.746690171348199
            ],
            [
              98.395111524354547,
              34.719834702598199
            ],
            [
              98.402191602479547,
              34.666774806764863
            ],
            [
              98.401459180604547,
              34.649278061973199
            ],
            [
              98.394786003521233,
              34.634873765098199
            ],
            [
              98.380951368104547,
              34.619167384889863
            ],
            [
              98.361908399354547,
              34.610419012494035
            ],
            [
              98.340749545187919,
              34.606756903119035
            ],
            [
              98.326670769146233,
              34.598171291139863
            ],
            [
              98.329844597271233,
              34.574774481244035
            ],
            [
              98.345144076437919,
              34.563259181764863
            ],
            [
              98.394786003521233,
              34.547430731244035
            ],
            [
              98.405528191021233,
              34.537217515098199
            ],
            [
              98.413503451437919,
              34.526638088014863
            ],
            [
              98.452159050396233,
              34.503281968223199
            ],
            [
              98.466319206646233,
              34.492214259889863
            ],
            [
              98.467295769146233,
              34.488063869264863
            ],
            [
              98.465749545187919,
              34.476874090619035
            ],
            [
              98.466319206646233,
              34.472357489056535
            ],
            [
              98.469248894146233,
              34.468613999473199
            ],
            [
              98.478444857687919,
              34.459743556764863
            ],
            [
              98.479991081646233,
              34.458685614056535
            ],
            [
              98.490163607687919,
              34.424383856244035
            ],
            [
              98.497080925396233,
              34.414007879681535
            ],
            [
              98.514740430604547,
              34.401190496869035
            ],
            [
              98.627370638937919,
              34.357448634889863
            ],
            [
              98.641123894146233,
              34.355047918744035
            ],
            [
              98.709727409771233,
              34.355047918744035
            ],
            [
              98.724294467062919,
              34.368597723431535
            ],
            [
              98.724294467062919,
              34.399522202598199
            ],
            [
              98.720713737896233,
              34.433213608848199
            ],
            [
              98.723643425396233,
              34.454942124473199
            ],
            [
              98.733978711854547,
              34.457871811973199
            ],
            [
              98.782969597271233,
              34.451239324994035
            ],
            [
              98.797862175396233,
              34.455674546348199
            ],
            [
              98.836924675396233,
              34.479193426556535
            ],
            [
              98.867930534771233,
              34.478705145306535
            ],
            [
              98.928233269146233,
              34.453070379681535
            ],
            [
              98.952891472271233,
              34.458685614056535
            ],
            [
              98.970876498312919,
              34.446844793744035
            ],
            [
              98.979340039979547,
              34.439398504681535
            ],
            [
              98.986501498312919,
              34.430772202598199
            ],
            [
              99.002045118104547,
              34.436875718223199
            ],
            [
              99.016205274354547,
              34.432643947389863
            ],
            [
              99.041840039979547,
              34.410264390098199
            ],
            [
              99.044688347271233,
              34.409694728639863
            ],
            [
              99.053233269146233,
              34.410996811973199
            ],
            [
              99.056081576437919,
              34.410264390098199
            ],
            [
              99.057220899354547,
              34.406358140098199
            ],
            [
              99.056895378521233,
              34.397243556764863
            ],
            [
              99.062266472271233,
              34.387152410931535
            ],
            [
              99.069590691021233,
              34.362494207806535
            ],
            [
              99.045909050396233,
              34.321153061973199
            ],
            [
              99.037852409771233,
              34.300645249473199
            ],
            [
              99.034922722271233,
              34.270046291139863
            ],
            [
              99.036713086854547,
              34.253607489056535
            ],
            [
              99.041595899354547,
              34.243516343223199
            ],
            [
              99.056081576437919,
              34.225897528119035
            ],
            [
              99.063568555604547,
              34.213934637494035
            ],
            [
              99.067556185812919,
              34.205023504681535
            ],
            [
              99.069346550396233,
              34.194403387494035
            ],
            [
              99.069590691021233,
              34.177516994264863
            ],
            [
              99.070567253521233,
              34.171087957806535
            ],
            [
              99.074961784771233,
              34.160020249473199
            ],
            [
              99.075775586854547,
              34.153347072389863
            ],
            [
              99.073741081646233,
              34.146185614056535
            ],
            [
              99.064382357687919,
              34.132595119264863
            ],
            [
              99.062266472271233,
              34.125677801556535
            ],
            [
              99.060069206646233,
              34.112901108848199
            ],
            [
              99.050791862896233,
              34.083441473431535
            ],
            [
              99.048594597271233,
              34.071356512494035
            ],
            [
              99.048431836854547,
              34.046006577598199
            ],
            [
              99.050384961854547,
              34.034776108848199
            ],
            [
              99.056081576437919,
              34.019842840619035
            ],
            [
              99.067393425396233,
              33.998846746869035
            ],
            [
              99.068776888937919,
              33.986883856244035
            ],
            [
              99.062266472271233,
              33.971462306764863
            ],
            [
              99.081472201437919,
              33.966823634889863
            ],
            [
              99.096771680604547,
              33.950140692181535
            ],
            [
              99.106944206646233,
              33.929632879681535
            ],
            [
              99.110606316021233,
              33.913397528119035
            ],
            [
              99.119232618104547,
              33.906683660931535
            ],
            [
              99.172129753521233,
              33.875840561973199
            ],
            [
              99.248057487896233,
              33.784369207806535
            ],
            [
              99.281993034771233,
              33.759141343223199
            ],
            [
              99.306162956646233,
              33.746608791139863
            ],
            [
              99.322845899354547,
              33.743231512494035
            ],
            [
              99.361094597271233,
              33.746161199994035
            ],
            [
              99.369232618104547,
              33.747870184369035
            ],
            [
              99.376882357687919,
              33.752752996869035
            ],
            [
              99.382334831646233,
              33.760199285931535
            ],
            [
              99.384287956646233,
              33.769720770306535
            ],
            [
              99.386485222271233,
              33.775417384889863
            ],
            [
              99.390147331646233,
              33.779608465619035
            ],
            [
              99.392019076437919,
              33.783962306764863
            ],
            [
              99.384857618104547,
              33.794256903119035
            ],
            [
              99.381114128521233,
              33.801459051556535
            ],
            [
              99.378428581646233,
              33.809027410931535
            ],
            [
              99.378184441021233,
              33.814398504681535
            ],
            [
              99.395274284771233,
              33.827215887494035
            ],
            [
              99.422129753521233,
              33.828070379681535
            ],
            [
              99.480479362896233,
              33.818467515098199
            ],
            [
              99.501231316021233,
              33.809108791139863
            ],
            [
              99.525482618104547,
              33.802801824994035
            ],
            [
              99.531748894146233,
              33.793076890098199
            ],
            [
              99.535492383729547,
              33.781927801556535
            ],
            [
              99.542002800396233,
              33.773464259889863
            ],
            [
              99.569346550396233,
              33.765977280723199
            ],
            [
              99.586436394146233,
              33.767930405723199
            ],
            [
              99.645762566021233,
              33.765651759889863
            ],
            [
              99.658702019146233,
              33.769720770306535
            ],
            [
              99.692474805604547,
              33.795477606244035
            ],
            [
              99.694346550396233,
              33.800116278119035
            ],
            [
              99.697276237896233,
              33.804795640098199
            ],
            [
              99.703298373312919,
              33.806952215619035
            ],
            [
              99.727549675396233,
              33.806952215619035
            ],
            [
              99.771494987896233,
              33.799994207806535
            ],
            [
              99.792246941021233,
              33.792669989056535
            ],
            [
              99.814952019146233,
              33.778387762494035
            ],
            [
              99.837006055604547,
              33.775661525514863
            ],
            [
              99.847341342062919,
              33.769720770306535
            ],
            [
              99.857839388937919,
              33.761297918744035
            ],
            [
              99.875661654562919,
              33.752752996869035
            ],
            [
              99.885915560812919,
              33.746161199994035
            ],
            [
              99.892344597271233,
              33.739040431764863
            ],
            [
              99.901459180604547,
              33.723415431764863
            ],
            [
              99.905772331646233,
              33.718207098431535
            ],
            [
              99.915537956646233,
              33.713242905723199
            ],
            [
              99.923920118104547,
              33.712103582806535
            ],
            [
              99.933034701437919,
              33.709743556764863
            ],
            [
              99.959239128521233,
              33.690619207806535
            ],
            [
              99.999115430604547,
              33.675645249473199
            ],
            [
              100.015635612896233,
              33.663600978639863
            ],
            [
              100.013763868104547,
              33.663845119264863
            ],
            [
              100.015635612896233,
              33.657334702598199
            ],
            [
              100.019134961854547,
              33.648952541139863
            ],
            [
              100.022471550396233,
              33.643133856244035
            ],
            [
              100.048269076437919,
              33.618353582806535
            ],
            [
              100.053151888937919,
              33.615179754681535
            ],
            [
              100.064138217062919,
              33.610907293744035
            ],
            [
              100.070567253521233,
              33.601507879681535
            ],
            [
              100.074961784771233,
              33.592108465619035
            ],
            [
              100.080088737896233,
              33.587917384889863
            ],
            [
              100.124929232687919,
              33.581651108848199
            ],
            [
              100.148692253521233,
              33.573594468223199
            ],
            [
              100.158946159771233,
              33.574245509889863
            ],
            [
              100.166840039979547,
              33.578680731244035
            ],
            [
              100.171397331646233,
              33.585557358848199
            ],
            [
              100.174082878521233,
              33.591905015098199
            ],
            [
              100.175954623312919,
              33.594671942181535
            ],
            [
              100.187266472271233,
              33.599473374473199
            ],
            [
              100.226166211854547,
              33.623358465619035
            ],
            [
              100.237803581646233,
              33.632513739056535
            ],
            [
              100.280690951437919,
              33.677313543744035
            ],
            [
              100.288666211854547,
              33.691514390098199
            ],
            [
              100.286143425396233,
              33.706488348431535
            ],
            [
              100.275889519146233,
              33.719834702598199
            ],
            [
              100.263438347271233,
              33.732611395306535
            ],
            [
              100.254649284771233,
              33.746161199994035
            ],
            [
              100.240896029562919,
              33.738714910931535
            ],
            [
              100.245616081646233,
              33.760321356244035
            ],
            [
              100.267181836854547,
              33.761908270306535
            ],
            [
              100.316742383729547,
              33.746161199994035
            ],
            [
              100.323334180604547,
              33.757595119264863
            ],
            [
              100.357839388937919,
              33.756415106244035
            ],
            [
              100.375010612896233,
              33.762559311973199
            ],
            [
              100.404795769146233,
              33.786932684369035
            ],
            [
              100.421641472271233,
              33.796738999473199
            ],
            [
              100.436696810812919,
              33.800726629681535
            ],
            [
              100.449147982687919,
              33.806097723431535
            ],
            [
              100.479991081646233,
              33.829535223431535
            ],
            [
              100.498545769146233,
              33.834906317181535
            ],
            [
              100.516774935812919,
              33.837713934369035
            ],
            [
              100.564952019146233,
              33.854803778119035
            ],
            [
              100.580739779562919,
              33.865301824994035
            ],
            [
              100.604502800396233,
              33.889186916139863
            ],
            [
              100.632090691021233,
              33.910467840619035
            ],
            [
              100.663991732687919,
              33.925563869264863
            ],
            [
              100.700205925396233,
              33.930487371869035
            ],
            [
              100.766042513937919,
              33.928168035931535
            ],
            [
              100.782237175396233,
              33.924261785931535
            ],
            [
              100.791026237896233,
              33.912705796348199
            ],
            [
              100.801524284771233,
              33.893825588014863
            ],
            [
              100.814545118104547,
              33.879828192181535
            ],
            [
              100.830577019146233,
              33.883327541139863
            ],
            [
              100.836517774354547,
              33.861517645306535
            ],
            [
              100.850352409771233,
              33.833563543744035
            ],
            [
              100.869883659771233,
              33.807969468223199
            ],
            [
              100.892100456646233,
              33.793280340619035
            ],
            [
              100.896983269146233,
              33.799831447389863
            ],
            [
              100.898203972271233,
              33.802801824994035
            ],
            [
              100.899506055604547,
              33.806952215619035
            ],
            [
              100.903900586854547,
              33.789618231244035
            ],
            [
              100.912038607687919,
              33.785589910931535
            ],
            [
              100.920420769146233,
              33.787136134889863
            ],
            [
              100.926198763937919,
              33.786444403119035
            ],
            [
              100.930186394146233,
              33.777940171348199
            ],
            [
              100.928721550396233,
              33.770941473431535
            ],
            [
              100.922373894146233,
              33.764919338014863
            ],
            [
              100.912526888937919,
              33.759141343223199
            ],
            [
              100.958994987896233,
              33.738063869264863
            ],
            [
              100.979909701437919,
              33.737494207806535
            ],
            [
              100.995697461854547,
              33.751735744264863
            ],
            [
              100.994639519146233,
              33.742743231244035
            ],
            [
              100.996104362896233,
              33.733465887494035
            ],
            [
              101.000661654562919,
              33.726589259889863
            ],
            [
              101.009369336854547,
              33.725043035931535
            ],
            [
              101.016530795187919,
              33.729600327598199
            ],
            [
              101.019541862896233,
              33.737819728639863
            ],
            [
              101.021494987896233,
              33.747259832806535
            ],
            [
              101.034434441021233,
              33.771755275514863
            ],
            [
              101.034434441021233,
              33.791083074994035
            ],
            [
              101.028330925396233,
              33.809841213014863
            ],
            [
              101.019053581646233,
              33.824326890098199
            ],
            [
              101.015635612896233,
              33.831366278119035
            ],
            [
              101.014740430604547,
              33.840440171348199
            ],
            [
              101.015635612896233,
              33.858506577598199
            ],
            [
              101.018321159771233,
              33.871934311973199
            ],
            [
              101.025482618104547,
              33.876898504681535
            ],
            [
              101.034597201437919,
              33.876979884889863
            ],
            [
              101.043467644146233,
              33.875840561973199
            ],
            [
              101.063975456646233,
              33.863796291139863
            ],
            [
              101.074229362896233,
              33.861599025514863
            ],
            [
              101.102549675396233,
              33.862575588014863
            ],
            [
              101.111827019146233,
              33.861599025514863
            ],
            [
              101.139089388937919,
              33.844427801556535
            ],
            [
              101.182871941021233,
              33.786078192181535
            ],
            [
              101.236257357687919,
              33.759629624473199
            ],
            [
              101.260752800396233,
              33.732123114056535
            ],
            [
              101.288177930604547,
              33.711371160931535
            ],
            [
              101.323334180604547,
              33.718207098431535
            ],
            [
              101.335541211854547,
              33.708197332806535
            ],
            [
              101.356618685812919,
              33.703721421348199
            ],
            [
              101.376556836854547,
              33.697129624473199
            ],
            [
              101.385508659771233,
              33.680690822389863
            ],
            [
              101.389659050396233,
              33.676621811973199
            ],
            [
              101.399099154562919,
              33.677842515098199
            ],
            [
              101.408376498312919,
              33.682196356244035
            ],
            [
              101.417735222271233,
              33.694525457806535
            ],
            [
              101.429209831646233,
              33.692165431764863
            ],
            [
              101.442963086854547,
              33.686631577598199
            ],
            [
              101.454274935812919,
              33.684108791139863
            ],
            [
              101.462819857687919,
              33.687323309369035
            ],
            [
              101.483897331646233,
              33.700384832806535
            ],
            [
              101.495371941021233,
              33.704535223431535
            ],
            [
              101.508718295187919,
              33.704779364056535
            ],
            [
              101.540049675396233,
              33.697780666139863
            ],
            [
              101.545502149354547,
              33.694525457806535
            ],
            [
              101.563405795187919,
              33.680446681764863
            ],
            [
              101.574229362896233,
              33.677272853639863
            ],
            [
              101.586029493104547,
              33.675808009889863
            ],
            [
              101.606618685812919,
              33.670192775514863
            ],
            [
              101.618907097271233,
              33.669785874473199
            ],
            [
              101.687022331646233,
              33.682318426556535
            ],
            [
              101.737315300396233,
              33.683457749473199
            ],
            [
              101.753672722271233,
              33.680243231244035
            ],
            [
              101.766774935812919,
              33.672064520306535
            ],
            [
              101.820323112896233,
              33.625067449994035
            ],
            [
              101.837575717062919,
              33.605983791139863
            ],
            [
              101.844737175396233,
              33.584784246869035
            ],
            [
              101.851735873312919,
              33.572943426556535
            ],
            [
              101.883799675396233,
              33.546210028119035
            ],
            [
              101.892588737896233,
              33.526434637494035
            ],
            [
              101.891123894146233,
              33.517523504681535
            ],
            [
              101.887624545187919,
              33.507513739056535
            ],
            [
              101.885752800396233,
              33.497422593223199
            ],
            [
              101.889170769146233,
              33.488552150514863
            ],
            [
              101.974538607687919,
              33.403509832806535
            ],
            [
              102.009287956646233,
              33.376288153119035
            ],
            [
              102.052256706646233,
              33.354356186973199
            ],
            [
              102.096690300396233,
              33.339911199994035
            ],
            [
              102.165537956646233,
              33.333197332806535
            ],
            [
              102.174327019146233,
              33.334580796348199
            ],
            [
              102.183197461854547,
              33.340521551556535
            ],
            [
              102.202077670187919,
              33.358221746869035
            ],
            [
              102.211517774354547,
              33.361924546348199
            ],
            [
              102.221120638937919,
              33.369737046348199
            ],
            [
              102.256358269146233,
              33.413153387494035
            ],
            [
              102.266530795187919,
              33.419012762494035
            ],
            [
              102.288991732687919,
              33.416083074994035
            ],
            [
              102.321381055604547,
              33.406602280723199
            ],
            [
              102.333506706646233,
              33.413519598431535
            ],
            [
              102.343190951437919,
              33.411647853639863
            ],
            [
              102.349294467062919,
              33.406439520306535
            ],
            [
              102.351980013937919,
              33.403509832806535
            ],
            [
              102.361257357687919,
              33.404323634889863
            ],
            [
              102.375498894146233,
              33.408270574994035
            ],
            [
              102.385915560812919,
              33.409735418744035
            ],
            [
              102.439382357687919,
              33.448513088014863
            ],
            [
              102.461843295187919,
              33.457546291139863
            ],
            [
              102.458994987896233,
              33.461493231244035
            ],
            [
              102.454193555604547,
              33.471787827598199
            ],
            [
              102.467295769146233,
              33.469916082806535
            ],
            [
              102.471202019146233,
              33.468695379681535
            ],
            [
              102.476084831646233,
              33.464951890098199
            ],
            [
              102.481618685812919,
              33.464951890098199
            ],
            [
              102.465342644146233,
              33.486273504681535
            ],
            [
              102.458506706646233,
              33.498724676556535
            ],
            [
              102.454193555604547,
              33.512762762494035
            ],
            [
              102.452728711854547,
              33.523260809369035
            ],
            [
              102.453298373312919,
              33.535508530723199
            ],
            [
              102.459890170187919,
              33.541571356244035
            ],
            [
              102.476084831646233,
              33.533270574994035
            ],
            [
              102.481618685812919,
              33.540065822389863
            ],
            [
              102.423431836854547,
              33.576239324994035
            ],
            [
              102.413259310812919,
              33.577948309369035
            ],
            [
              102.402598503521233,
              33.594020900514863
            ],
            [
              102.355723503521233,
              33.609320379681535
            ],
            [
              102.345144076437919,
              33.625759181764863
            ],
            [
              102.341888868104547,
              33.632025457806535
            ],
            [
              102.327728711854547,
              33.646104233848199
            ],
            [
              102.324473503521233,
              33.653347072389863
            ],
            [
              102.326426628521233,
              33.676133530723199
            ],
            [
              102.331390821229547,
              33.697780666139863
            ],
            [
              102.336517774354547,
              33.709173895306535
            ],
            [
              102.341888868104547,
              33.717311916139863
            ],
            [
              102.342865430604547,
              33.725124416139863
            ],
            [
              102.334727409771233,
              33.735622463014863
            ],
            [
              102.327403191021233,
              33.734483140098199
            ],
            [
              102.317393425396233,
              33.726385809369035
            ],
            [
              102.304860873312919,
              33.720241603639863
            ],
            [
              102.290456576437919,
              33.725043035931535
            ],
            [
              102.298106316021233,
              33.734401759889863
            ],
            [
              102.305918816021233,
              33.739935614056535
            ],
            [
              102.314545118104547,
              33.744655666139863
            ],
            [
              102.324473503521233,
              33.751735744264863
            ],
            [
              102.314138217062919,
              33.767442124473199
            ],
            [
              102.299327019146233,
              33.780707098431535
            ],
            [
              102.280772331646233,
              33.789903061973199
            ],
            [
              102.259776237896233,
              33.793280340619035
            ],
            [
              102.247080925396233,
              33.797552801556535
            ],
            [
              102.243744336854547,
              33.806952215619035
            ],
            [
              102.248464388937919,
              33.816351629681535
            ],
            [
              102.259776237896233,
              33.820624090619035
            ],
            [
              102.263926628521233,
              33.826035874473199
            ],
            [
              102.257253451437919,
              33.837998765098199
            ],
            [
              102.194346550396233,
              33.919256903119035
            ],
            [
              102.166514519146233,
              33.945827541139863
            ],
            [
              102.132823112896233,
              33.965196030723199
            ],
            [
              102.109955274354547,
              33.953721421348199
            ],
            [
              102.069590691021233,
              33.968451239056535
            ],
            [
              102.050303581646233,
              33.957831121869035
            ],
            [
              102.027191602479547,
              33.979071356244035
            ],
            [
              101.986420118104547,
              34.000270900514863
            ],
            [
              101.943451368104547,
              34.010565496869035
            ],
            [
              101.913096550396233,
              33.999375718223199
            ],
            [
              101.858409050396233,
              34.039740301556535
            ],
            [
              101.829844597271233,
              34.052069403119035
            ],
            [
              101.816416862896233,
              34.060166733848199
            ],
            [
              101.803233269146233,
              34.075059311973199
            ],
            [
              101.785085482687919,
              34.066188869264863
            ],
            [
              101.759532097271233,
              34.072699285931535
            ],
            [
              101.737315300396233,
              34.088812567181535
            ],
            [
              101.728770378521233,
              34.108587957806535
            ],
            [
              101.718435092062919,
              34.103298244264863
            ],
            [
              101.714772982687919,
              34.105780340619035
            ],
            [
              101.712575717062919,
              34.111517645306535
            ],
            [
              101.707611524354547,
              34.116034246869035
            ],
            [
              101.680918816021233,
              34.122259832806535
            ],
            [
              101.646983269146233,
              34.135931707806535
            ],
            [
              101.635752800396233,
              34.145209051556535
            ],
            [
              101.639252149354547,
              34.157049871869035
            ],
            [
              101.630788607687919,
              34.166042384889863
            ],
            [
              101.621755404562919,
              34.171454168744035
            ],
            [
              101.614756706646233,
              34.178249416139863
            ],
            [
              101.611338737896233,
              34.191188869264863
            ],
            [
              101.569590691021233,
              34.208075262494035
            ],
            [
              101.529388868104547,
              34.218451239056535
            ],
            [
              101.517019076437919,
              34.219305731244035
            ],
            [
              101.496104362896233,
              34.218044338014863
            ],
            [
              101.488454623312919,
              34.218451239056535
            ],
            [
              101.480479362896233,
              34.221625067181535
            ],
            [
              101.472748243104547,
              34.226263739056535
            ],
            [
              101.463389519146233,
              34.230332749473199
            ],
            [
              101.425384961854547,
              34.234238999473199
            ],
            [
              101.365000847271233,
              34.252630926556535
            ],
            [
              101.334239128521233,
              34.256537176556535
            ],
            [
              101.323334180604547,
              34.259466864056535
            ],
            [
              101.314952019146233,
              34.264960028119035
            ],
            [
              101.307871941021233,
              34.272040106244035
            ],
            [
              101.299245638937919,
              34.277940171348199
            ],
            [
              101.286143425396233,
              34.280544338014863
            ],
            [
              101.279714388937919,
              34.283636785931535
            ],
            [
              101.265716993104547,
              34.297308660931535
            ],
            [
              101.255788607687919,
              34.300401108848199
            ],
            [
              101.242686394146233,
              34.299994207806535
            ],
            [
              101.233978711854547,
              34.300726629681535
            ],
            [
              101.229340039979547,
              34.305609442181535
            ],
            [
              101.226573112896233,
              34.327826239056535
            ],
            [
              101.222341342062919,
              34.335272528119035
            ],
            [
              101.215017123312919,
              34.339789129681535
            ],
            [
              101.204193555604547,
              34.341376043744035
            ],
            [
              101.197276237896233,
              34.345160223431535
            ],
            [
              101.195567253521233,
              34.354437567181535
            ],
            [
              101.195811394146233,
              34.365790106244035
            ],
            [
              101.194265170187919,
              34.376166082806535
            ],
            [
              101.196055534771233,
              34.383815822389863
            ],
            [
              101.196381055604547,
              34.389960028119035
            ],
            [
              101.194265170187919,
              34.396022853639863
            ],
            [
              101.190440300396233,
              34.396918035931535
            ],
            [
              101.177744987896233,
              34.395086981244035
            ],
            [
              101.173838737896233,
              34.396022853639863
            ],
            [
              101.165700717062919,
              34.406358140098199
            ],
            [
              101.164073112896233,
              34.410956121869035
            ],
            [
              101.165293816021233,
              34.415838934369035
            ],
            [
              101.166433138937919,
              34.427354233848199
            ],
            [
              101.163991732687919,
              34.443223374473199
            ],
            [
              101.149017774354547,
              34.481634832806535
            ],
            [
              101.139659050396233,
              34.499619858848199
            ],
            [
              101.060557487896233,
              34.505886134889863
            ],
            [
              101.052175326437919,
              34.509304103639863
            ],
            [
              101.042491081646233,
              34.524196681764863
            ],
            [
              101.032969597271233,
              34.527614650514863
            ],
            [
              101.020518425396233,
              34.530096746869035
            ],
            [
              101.014089388937919,
              34.535915431764863
            ],
            [
              101.009043816021233,
              34.542303778119035
            ],
            [
              101.001963737896233,
              34.546820379681535
            ],
            [
              100.950694206646233,
              34.546942449994035
            ],
            [
              100.928965691021233,
              34.551825262494035
            ],
            [
              100.919932487896233,
              34.571641343223199
            ],
            [
              100.916840039979547,
              34.595770574994035
            ],
            [
              100.908702019146233,
              34.613877671348199
            ],
            [
              100.885834180604547,
              34.649847723431535
            ],
            [
              100.870616081646233,
              34.708807684369035
            ],
            [
              100.861338737896233,
              34.718125718223199
            ],
            [
              100.835866732687919,
              34.714911199994035
            ],
            [
              100.817556185812919,
              34.706651108848199
            ],
            [
              100.782237175396233,
              34.684597072389863
            ],
            [
              100.763438347271233,
              34.677842515098199
            ],
            [
              100.742930534771233,
              34.673692124473199
            ],
            [
              100.696787956646233,
              34.670965887494035
            ],
            [
              100.674815300396233,
              34.675726629681535
            ],
            [
              100.635671420187919,
              34.692897853639863
            ],
            [
              100.618256055604547,
              34.691473699994035
            ],
            [
              100.573985222271233,
              34.739813543744035
            ],
            [
              100.559092644146233,
              34.745306707806535
            ],
            [
              100.539561394146233,
              34.758083400514863
            ],
            [
              100.522552930604547,
              34.772772528119035
            ],
            [
              100.515228711854547,
              34.783962306764863
            ],
            [
              100.494639519146233,
              34.805487371869035
            ],
            [
              100.447194857687919,
              34.818955796348199
            ],
            [
              100.354502800396233,
              34.827988999473199
            ],
            [
              100.336355013937919,
              34.833848374473199
            ],
            [
              100.327728711854547,
              34.848252671348199
            ],
            [
              100.316742383729547,
              34.883246160931535
            ],
            [
              100.309255404562919,
              34.892157293744035
            ],
            [
              100.294200066021233,
              34.906927801556535
            ],
            [
              100.288666211854547,
              34.917344468223199
            ],
            [
              100.285817904562919,
              34.929388739056535
            ],
            [
              100.288666211854547,
              34.958319403119035
            ],
            [
              100.285817904562919,
              34.984564520306535
            ],
            [
              100.278330925396233,
              34.999375718223199
            ],
            [
              100.254649284771233,
              35.027207749473199
            ],
            [
              100.249034050396233,
              35.046210028119035
            ],
            [
              100.249034050396233,
              35.089219468223199
            ],
            [
              100.240896029562919,
              35.109198309369035
            ],
            [
              100.247650586854547,
              35.132879949994035
            ],
            [
              100.247162305604547,
              35.173610744264863
            ],
            [
              100.238454623312919,
              35.214911199994035
            ],
            [
              100.220469597271233,
              35.240668035931535
            ],
            [
              100.230235222271233,
              35.253851629681535
            ],
            [
              100.241953972271233,
              35.262030340619035
            ],
            [
              100.253347201437919,
              35.267930405723199
            ],
            [
              100.261973503521233,
              35.274766343223199
            ],
            [
              100.272227409771233,
              35.289496160931535
            ],
            [
              100.271250847271233,
              35.295436916139863
            ],
            [
              100.248464388937919,
              35.302069403119035
            ],
            [
              100.219899935812919,
              35.316433009889863
            ],
            [
              100.205332878521233,
              35.330633856244035
            ],
            [
              100.203705274354547,
              35.349798895306535
            ],
            [
              100.214284701437919,
              35.378444728639863
            ],
            [
              100.193125847271233,
              35.370957749473199
            ],
            [
              100.191172722271233,
              35.402289129681535
            ],
            [
              100.168386263937919,
              35.428656317181535
            ],
            [
              100.142344597271233,
              35.450222072389863
            ],
            [
              100.131114128521233,
              35.466579494264863
            ],
            [
              100.135915560812919,
              35.472113348431535
            ],
            [
              100.154795769146233,
              35.479437567181535
            ],
            [
              100.158946159771233,
              35.483954168744035
            ],
            [
              100.157969597271233,
              35.507839259889863
            ],
            [
              100.158946159771233,
              35.514960028119035
            ],
            [
              100.166433138937919,
              35.532782293744035
            ],
            [
              100.174815300396233,
              35.542344468223199
            ],
            [
              100.199961784771233,
              35.562811590619035
            ],
            [
              100.207611524354547,
              35.574042059369035
            ],
            [
              100.240651888937919,
              35.661688543744035
            ],
            [
              100.282481316021233,
              35.723944403119035
            ],
            [
              100.295827670187919,
              35.751288153119035
            ],
            [
              100.296153191021233,
              35.771673895306535
            ],
            [
              100.337168816021233,
              35.771673895306535
            ],
            [
              100.348399284771233,
              35.774766343223199
            ],
            [
              100.360443555604547,
              35.790961004681535
            ],
            [
              100.371185743104547,
              35.798407293744035
            ],
            [
              100.390554232687919,
              35.800563869264863
            ],
            [
              100.411224805604547,
              35.795721746869035
            ],
            [
              100.447032097271233,
              35.779120184369035
            ],
            [
              100.442556185812919,
              35.800848699994035
            ],
            [
              100.444346550396233,
              35.818182684369035
            ],
            [
              100.455088737896233,
              35.829657293744035
            ],
            [
              100.477793816021233,
              35.833766994264863
            ],
            [
              100.497080925396233,
              35.841579494264863
            ],
            [
              100.529226107687919,
              35.877875067181535
            ],
            [
              100.543060743104547,
              35.888983465619035
            ],
            [
              100.554698112896233,
              35.890448309369035
            ],
            [
              100.579274935812919,
              35.888006903119035
            ],
            [
              100.590912305604547,
              35.888983465619035
            ],
            [
              100.601084831646233,
              35.893866278119035
            ],
            [
              100.617930534771233,
              35.906358140098199
            ],
            [
              100.628835482687919,
              35.908880926556535
            ],
            [
              100.637787305604547,
              35.913112697389863
            ],
            [
              100.638926628521233,
              35.922471421348199
            ],
            [
              100.638275586854547,
              35.931911525514863
            ],
            [
              100.642100456646233,
              35.936143296348199
            ],
            [
              100.704112175396233,
              35.975897528119035
            ],
            [
              100.720469597271233,
              35.989081121869035
            ],
            [
              100.727549675396233,
              36.001288153119035
            ],
            [
              100.727631055604547,
              36.031439520306535
            ],
            [
              100.730886263937919,
              36.052801824994035
            ],
            [
              100.741709831646233,
              36.070868231244035
            ],
            [
              100.815928581646233,
              36.132269598431535
            ],
            [
              100.842377149354547,
              36.140082098431535
            ],
            [
              100.900970899354547,
              36.132757879681535
            ],
            [
              100.938405795187919,
              36.139756577598199
            ],
            [
              100.958099805604547,
              36.140244858848199
            ],
            [
              100.992686394146233,
              36.132635809369035
            ],
            [
              101.004893425396233,
              36.132432358848199
            ],
            [
              101.012705925396233,
              36.134588934369035
            ],
            [
              101.029795769146233,
              36.142279364056535
            ],
            [
              101.038015170187919,
              36.144842840619035
            ],
            [
              101.064138217062919,
              36.146429754681535
            ],
            [
              101.079600456646233,
              36.139675197389863
            ],
            [
              101.087575717062919,
              36.124538478639863
            ],
            [
              101.091807487896233,
              36.100897528119035
            ],
            [
              101.105479362896233,
              36.100938218223199
            ],
            [
              101.135183138937919,
              36.115586655723199
            ],
            [
              101.150645378521233,
              36.119574285931535
            ],
            [
              101.166270378521233,
              36.118475653119035
            ],
            [
              101.179860873312919,
              36.113592840619035
            ],
            [
              101.189056836854547,
              36.103786525514863
            ],
            [
              101.191172722271233,
              36.087591864056535
            ],
            [
              101.205495638937919,
              36.086127020306535
            ],
            [
              101.234385612896233,
              36.092474676556535
            ],
            [
              101.249603711854547,
              36.093207098431535
            ],
            [
              101.262136263937919,
              36.091172593223199
            ],
            [
              101.273692253521233,
              36.087958074994035
            ],
            [
              101.327077670187919,
              36.061590887494035
            ],
            [
              101.358815951437919,
              36.053493556764863
            ],
            [
              101.392019076437919,
              36.051092840619035
            ],
            [
              101.427256706646233,
              36.052923895306535
            ],
            [
              101.456472201437919,
              36.057725327598199
            ],
            [
              101.478526237896233,
              36.065944728639863
            ],
            [
              101.631276888937919,
              36.153998114056535
            ],
            [
              101.653819206646233,
              36.173773504681535
            ],
            [
              101.666433138937919,
              36.181586004681535
            ],
            [
              101.681081576437919,
              36.185655015098199
            ],
            [
              101.697194857687919,
              36.184352931764863
            ],
            [
              101.782725456646233,
              36.146063543744035
            ],
            [
              101.789235873312919,
              36.144964910931535
            ],
            [
              101.811940951437919,
              36.146348374473199
            ],
            [
              101.826589388937919,
              36.144395249473199
            ],
            [
              101.839935743104547,
              36.140651759889863
            ],
            [
              101.852305534771233,
              36.134344793744035
            ],
            [
              101.905772331646233,
              36.088405666139863
            ],
            [
              101.913096550396233,
              36.086981512494035
            ],
            [
              101.912852409771233,
              36.068426824994035
            ],
            [
              101.958425326437919,
              36.053249416139863
            ],
            [
              101.947764519146233,
              36.038600978639863
            ],
            [
              101.985606316021233,
              36.020819403119035
            ],
            [
              102.016123894146233,
              35.991563218223199
            ],
            [
              102.036631706646233,
              35.956122137494035
            ],
            [
              102.044037305604547,
              35.919378973431535
            ],
            [
              102.048106316021233,
              35.912298895306535
            ],
            [
              102.066498243104547,
              35.894720770306535
            ],
            [
              102.070730013937919,
              35.885280666139863
            ],
            [
              102.071787956646233,
              35.864121811973199
            ],
            [
              102.073985222271233,
              35.855251369264863
            ],
            [
              102.078135612896233,
              35.847438869264863
            ],
            [
              102.098887566021233,
              35.830145574994035
            ],
            [
              102.121511263937919,
              35.827093817181535
            ],
            [
              102.163584831646233,
              35.833766994264863
            ],
            [
              102.182383659771233,
              35.840155340619035
            ],
            [
              102.225596550396233,
              35.868272202598199
            ],
            [
              102.246104362896233,
              35.874701239056535
            ],
            [
              102.345144076437919,
              35.874701239056535
            ],
            [
              102.417409701437919,
              35.887722072389863
            ],
            [
              102.441498243104547,
              35.887762762494035
            ],
            [
              102.458425326437919,
              35.882920640098199
            ],
            [
              102.489187045187919,
              35.866888739056535
            ],
            [
              102.506276888937919,
              35.861680405723199
            ],
            [
              102.554860873312919,
              35.857041733848199
            ],
            [
              102.604584180604547,
              35.842108465619035
            ],
            [
              102.636485222271233,
              35.838649806764863
            ],
            [
              102.704844597271233,
              35.839463608848199
            ],
            [
              102.716807487896233,
              35.837347723431535
            ],
            [
              102.725596550396233,
              35.833197332806535
            ],
            [
              102.735036654562919,
              35.830349025514863
            ],
            [
              102.749766472271233,
              35.831976629681535
            ],
            [
              102.759532097271233,
              35.837510483848199
            ],
            [
              102.787201368104547,
              35.859930731244035
            ],
            [
              102.837331576437919,
              35.860663153119035
            ],
            [
              102.858897331646233,
              35.856960353639863
            ],
            [
              102.872569206646233,
              35.846258856244035
            ],
            [
              102.899506055604547,
              35.849880275514863
            ],
            [
              103.009206576437919,
              35.825791733848199
            ],
            [
              103.116465691021233,
              35.778184311973199
            ],
            [
              103.133311394146233,
              35.781113999473199
            ],
            [
              103.138194206646233,
              35.791612046348199
            ],
            [
              103.149831576437919,
              35.798041082806535
            ],
            [
              103.164235873312919,
              35.803656317181535
            ],
            [
              103.186289909771233,
              35.817084051556535
            ],
            [
              103.196787956646233,
              35.820339259889863
            ],
            [
              103.219004753521233,
              35.822333074994035
            ],
            [
              103.229340039979547,
              35.825506903119035
            ],
            [
              103.244558138937919,
              35.839667059369035
            ],
            [
              103.253184441021233,
              35.842840887494035
            ],
            [
              103.267670118104547,
              35.845974025514863
            ],
            [
              103.287119987896233,
              35.853827215619035
            ],
            [
              103.304209831646233,
              35.863877671348199
            ],
            [
              103.311452670187919,
              35.873846746869035
            ],
            [
              103.317312045187919,
              35.885199285931535
            ],
            [
              103.359304232687919,
              35.911688543744035
            ],
            [
              103.270518425396233,
              35.938421942181535
            ],
            [
              103.263682487896233,
              35.941717840619035
            ],
            [
              103.250254753521233,
              35.952012436973199
            ],
            [
              103.242930534771233,
              35.955674546348199
            ],
            [
              103.235931836854547,
              35.956854559369035
            ],
            [
              103.221934441021233,
              35.956610418744035
            ],
            [
              103.215261263937919,
              35.957464910931535
            ],
            [
              103.203623894146233,
              35.961452541139863
            ],
            [
              103.194021029562919,
              35.967393296348199
            ],
            [
              103.188731316021233,
              35.976507879681535
            ],
            [
              103.189138217062919,
              35.989772853639863
            ],
            [
              103.194021029562919,
              35.999335028119035
            ],
            [
              103.202403191021233,
              36.007106838014863
            ],
            [
              103.220713737896233,
              36.020575262494035
            ],
            [
              103.250417513937919,
              36.055487371869035
            ],
            [
              103.261322461854547,
              36.065619207806535
            ],
            [
              103.392344597271233,
              36.131048895306535
            ],
            [
              103.422943555604547,
              36.156073309369035
            ],
            [
              103.424733920187919,
              36.161566473431535
            ],
            [
              103.430674675396233,
              36.165838934369035
            ],
            [
              103.446787956646233,
              36.184637762494035
            ],
            [
              103.454844597271233,
              36.188910223431535
            ],
            [
              103.492767774354547,
              36.184922593223199
            ],
            [
              103.502614779562919,
              36.182074285931535
            ],
            [
              103.515147331646233,
              36.169785874473199
            ],
            [
              103.541026237896233,
              36.134222723431535
            ],
            [
              103.554453972271233,
              36.126817124473199
            ],
            [
              103.574636263937919,
              36.130316473431535
            ],
            [
              103.610443555604547,
              36.145209051556535
            ],
            [
              103.634287956646233,
              36.147894598431535
            ],
            [
              103.646250847271233,
              36.146511134889863
            ],
            [
              103.654551628521233,
              36.143337306764863
            ],
            [
              103.667735222271233,
              36.133653061973199
            ],
            [
              103.695567253521233,
              36.103867905723199
            ],
            [
              103.698415560812919,
              36.098903713014863
            ],
            [
              103.748952670187919,
              36.094671942181535
            ],
            [
              103.876475456646233,
              36.064642645306535
            ],
            [
              103.921804232687919,
              36.060980535931535
            ],
            [
              104.012787305604547,
              36.071966864056535
            ],
            [
              104.034678581646233,
              36.078477280723199
            ],
            [
              104.043955925396233,
              36.088934637494035
            ],
            [
              104.045420769146233,
              36.110052801556535
            ],
            [
              104.044688347271233,
              36.121934311973199
            ],
            [
              104.040700717062919,
              36.123724676556535
            ],
            [
              104.047943555604547,
              36.136501369264863
            ],
            [
              104.041433138937919,
              36.142889715619035
            ],
            [
              104.023366732687919,
              36.147894598431535
            ],
            [
              104.018646680604547,
              36.182237046348199
            ],
            [
              104.047943555604547,
              36.205023504681535
            ],
            [
              104.090912305604547,
              36.223089910931535
            ],
            [
              104.126963737896233,
              36.243516343223199
            ],
            [
              104.132334831646233,
              36.251044012494035
            ],
            [
              104.140147331646233,
              36.277044989056535
            ],
            [
              104.157237175396233,
              36.299994207806535
            ],
            [
              104.191498243104547,
              36.335272528119035
            ],
            [
              104.232595248312919,
              36.368353582806535
            ],
            [
              104.259532097271233,
              36.378688869264863
            ],
            [
              104.317312045187919,
              36.382595119264863
            ],
            [
              104.345144076437919,
              36.390326239056535
            ],
            [
              104.364268425396233,
              36.404364324994035
            ],
            [
              104.399017774354547,
              36.439398504681535
            ],
            [
              104.420013868104547,
              36.450506903119035
            ],
            [
              104.445323112896233,
              36.454128322389863
            ],
            [
              104.469818555604547,
              36.455023504681535
            ],
            [
              104.493907097271233,
              36.459662176556535
            ],
            [
              104.517588737896233,
              36.474676824994035
            ],
            [
              104.546153191021233,
              36.503444728639863
            ],
            [
              104.559092644146233,
              36.510809637494035
            ],
            [
              104.592784050396233,
              36.521429754681535
            ],
            [
              104.607920769146233,
              36.528998114056535
            ],
            [
              104.620046420187919,
              36.542547918744035
            ],
            [
              104.631358269146233,
              36.564154364056535
            ],
            [
              104.638926628521233,
              36.571641343223199
            ],
            [
              104.652761263937919,
              36.579169012494035
            ],
            [
              104.684825066021233,
              36.588649806764863
            ],
            [
              104.694916211854547,
              36.592962957806535
            ],
            [
              104.710378451437919,
              36.606024481244035
            ],
            [
              104.713796420187919,
              36.620794989056535
            ],
            [
              104.709239128521233,
              36.664618231244035
            ],
            [
              104.711436394146233,
              36.669745184369035
            ],
            [
              104.716075066021233,
              36.674831447389863
            ],
            [
              104.720713737896233,
              36.681708074994035
            ],
            [
              104.722992383729547,
              36.692246811973199
            ],
            [
              104.719167513937919,
              36.697333074994035
            ],
            [
              104.691905144146233,
              36.718451239056535
            ],
            [
              104.684092644146233,
              36.721625067181535
            ],
            [
              104.681244336854547,
              36.723334051556535
            ],
            [
              104.677175326437919,
              36.728461004681535
            ],
            [
              104.672536654562919,
              36.739040431764863
            ],
            [
              104.668223503521233,
              36.743760483848199
            ],
            [
              104.612803581646233,
              36.772569077598199
            ],
            [
              104.604746941021233,
              36.792181707806535
            ],
            [
              104.600026888937919,
              36.815049546348199
            ],
            [
              104.592458529562919,
              36.833115952598199
            ],
            [
              104.579112175396233,
              36.839178778119035
            ],
            [
              104.560801628521233,
              36.841579494264863
            ],
            [
              104.544362826437919,
              36.847235418744035
            ],
            [
              104.537364128521233,
              36.863308009889863
            ],
            [
              104.527842644146233,
              36.871934311973199
            ],
            [
              104.482025586854547,
              36.884304103639863
            ],
            [
              104.466237826437919,
              36.890895900514863
            ],
            [
              104.447520378521233,
              36.894883530723199
            ],
            [
              104.408702019146233,
              36.882025457806535
            ],
            [
              104.401377800396233,
              36.890895900514863
            ],
            [
              104.393077019146233,
              36.905829168744035
            ],
            [
              104.373952670187919,
              36.907741603639863
            ],
            [
              104.335948112896233,
              36.900824285931535
            ],
            [
              104.330007357687919,
              36.909857489056535
            ],
            [
              104.328705274354547,
              36.930528061973199
            ],
            [
              104.337494336854547,
              37.006781317181535
            ],
            [
              104.332123243104547,
              37.019842840619035
            ],
            [
              104.305186394146233,
              37.055934963014863
            ],
            [
              104.298431836854547,
              37.067246811973199
            ],
            [
              104.298594597271233,
              37.079657293744035
            ],
            [
              104.305186394146233,
              37.100043035931535
            ],
            [
              104.317149284771233,
              37.122626043744035
            ],
            [
              104.328298373312919,
              37.127793686973199
            ],
            [
              104.341726107687919,
              37.127793686973199
            ],
            [
              104.359792513937919,
              37.134833074994035
            ],
            [
              104.351328972271233,
              37.141424871869035
            ],
            [
              104.338796420187919,
              37.147894598431535
            ],
            [
              104.325612826437919,
              37.152696030723199
            ],
            [
              104.305918816021233,
              37.157009181764863
            ],
            [
              104.306162956646233,
              37.162298895306535
            ],
            [
              104.311045769146233,
              37.168239650514863
            ],
            [
              104.315440300396233,
              37.172390041139863
            ],
            [
              104.323985222271233,
              37.176540431764863
            ],
            [
              104.332286003521233,
              37.174424546348199
            ],
            [
              104.339772982687919,
              37.170477606244035
            ],
            [
              104.346120638937919,
              37.168972072389863
            ],
            [
              104.406748894146233,
              37.194688218223199
            ],
            [
              104.438975456646233,
              37.203436590619035
            ],
            [
              104.469655795187919,
              37.195664780723199
            ],
            [
              104.492686394146233,
              37.208563543744035
            ],
            [
              104.578216993104547,
              37.324082749473199
            ],
            [
              104.603119336854547,
              37.339667059369035
            ],
            [
              104.627207878521233,
              37.343695379681535
            ],
            [
              104.678965691021233,
              37.344102280723199
            ],
            [
              104.696218295187919,
              37.349432684369035
            ],
            [
              104.728282097271233,
              37.366034246869035
            ],
            [
              104.745616081646233,
              37.371120509889863
            ],
            [
              104.800954623312919,
              37.371690171348199
            ],
            [
              104.819021029562919,
              37.377875067181535
            ],
            [
              104.832530144146233,
              37.388210353639863
            ],
            [
              104.843435092062919,
              37.399115301556535
            ],
            [
              104.856944206646233,
              37.407822983848199
            ],
            [
              104.877452019146233,
              37.411403713014863
            ],
            [
              104.919362826437919,
              37.407822983848199
            ],
            [
              104.938731316021233,
              37.408514715619035
            ],
            [
              104.956960482687919,
              37.415391343223199
            ],
            [
              104.992605013937919,
              37.442450262494035
            ],
            [
              104.997162305604547,
              37.452663478639863
            ],
            [
              104.995534701437919,
              37.463324285931535
            ],
            [
              104.993662956646233,
              37.469509181764863
            ],
            [
              104.997325066021233,
              37.473252671348199
            ],
            [
              105.011485222271233,
              37.476833400514863
            ],
            [
              105.020111524354547,
              37.473740952598199
            ],
            [
              105.041514519146233,
              37.456854559369035
            ],
            [
              105.052419467062919,
              37.453558660931535
            ],
            [
              105.063243034771233,
              37.457098699994035
            ],
            [
              105.085459831646233,
              37.469997463014863
            ],
            [
              105.096202019146233,
              37.472723699994035
            ],
            [
              105.102061394146233,
              37.474961655723199
            ],
            [
              105.111094597271233,
              37.484808660931535
            ],
            [
              105.116709831646233,
              37.487005926556535
            ],
            [
              105.122976107687919,
              37.485907293744035
            ],
            [
              105.132253451437919,
              37.481268621869035
            ],
            [
              105.137217644146233,
              37.480169989056535
            ],
            [
              105.150970899354547,
              37.481268621869035
            ],
            [
              105.174896680604547,
              37.485907293744035
            ],
            [
              105.188487175396233,
              37.487005926556535
            ],
            [
              105.198171420187919,
              37.485866603639863
            ],
            [
              105.218353711854547,
              37.480780340619035
            ],
            [
              105.229991081646233,
              37.480169989056535
            ],
            [
              105.243256055604547,
              37.483099676556535
            ],
            [
              105.261810743104547,
              37.492458400514863
            ],
            [
              105.274668816021233,
              37.494452215619035
            ],
            [
              105.547862175396233,
              37.497626043744035
            ],
            [
              105.573252800396233,
              37.500677801556535
            ],
            [
              105.627940300396233,
              37.524522202598199
            ],
            [
              105.693939649354547,
              37.535589910931535
            ],
            [
              105.784190300396233,
              37.568874416139863
            ],
            [
              105.857920769146233,
              37.578721421348199
            ],
            [
              105.876068555604547,
              37.586045640098199
            ],
            [
              105.889089388937919,
              37.598822332806535
            ],
            [
              105.917979362896233,
              37.642279364056535
            ],
            [
              105.940440300396233,
              37.688015041139863
            ],
            [
              105.943288607687919,
              37.695868231244035
            ],
            [
              105.946055534771233,
              37.712429103639863
            ],
            [
              105.958994987896233,
              37.753037827598199
            ],
            [
              105.963145378521233,
              37.774440822389863
            ],
            [
              105.961843295187919,
              37.805975653119035
            ],
            [
              105.963145378521233,
              37.815985418744035
            ],
            [
              105.975596550396233,
              37.842474676556535
            ],
            [
              105.977305534771233,
              37.854193426556535
            ],
            [
              105.992686394146233,
              37.885036525514863
            ],
            [
              106.029063347271233,
              37.922227280723199
            ],
            [
              106.071055534771233,
              37.953640041139863
            ],
            [
              106.104014519146233,
              37.966864324994035
            ],
            [
              106.121511263937919,
              37.971462306764863
            ],
            [
              106.139577670187919,
              37.982530015098199
            ],
            [
              106.169200066021233,
              38.007757879681535
            ],
            [
              106.182139519146233,
              38.022772528119035
            ],
            [
              106.202728711854547,
              38.058294989056535
            ],
            [
              106.220632357687919,
              38.082302150514863
            ],
            [
              106.223562045187919,
              38.091823634889863
            ],
            [
              106.223724805604547,
              38.113959051556535
            ],
            [
              106.226328972271233,
              38.127468166139863
            ],
            [
              106.232351107687919,
              38.136908270306535
            ],
            [
              106.239187045187919,
              38.144395249473199
            ],
            [
              106.244151237896233,
              38.151800848431535
            ],
            [
              106.246999545187919,
              38.160589910931535
            ],
            [
              106.248464388937919,
              38.175970770306535
            ],
            [
              106.250417513937919,
              38.185899155723199
            ],
            [
              106.270925326437919,
              38.223822332806535
            ],
            [
              106.278086784771233,
              38.233262436973199
            ],
            [
              106.407969597271233,
              38.362250067181535
            ],
            [
              106.498789909771233,
              38.411729233848199
            ],
            [
              106.517019076437919,
              38.426865952598199
            ],
            [
              106.539235873312919,
              38.474636134889863
            ],
            [
              106.564707878521233,
              38.504339910931535
            ],
            [
              106.572764519146233,
              38.526556707806535
            ],
            [
              106.535655144146233,
              38.535345770306535
            ],
            [
              106.521006706646233,
              38.564398504681535
            ],
            [
              106.518565300396233,
              38.573268947389863
            ],
            [
              106.520762566021233,
              38.584418035931535
            ],
            [
              106.540456576437919,
              38.621446030723199
            ],
            [
              106.594248894146233,
              38.666327215619035
            ],
            [
              106.582041862896233,
              38.680934963014863
            ],
            [
              106.575694206646233,
              38.690252996869035
            ],
            [
              106.573415560812919,
              38.698675848431535
            ],
            [
              106.573171420187919,
              38.710394598431535
            ],
            [
              106.577159050396233,
              38.712958074994035
            ],
            [
              106.596934441021233,
              38.719590561973199
            ],
            [
              106.604095899354547,
              38.720974025514863
            ],
            [
              106.607513868104547,
              38.724798895306535
            ],
            [
              106.608490430604547,
              38.733750718223199
            ],
            [
              106.607920769146233,
              38.751654364056535
            ],
            [
              106.648936394146233,
              38.803534246869035
            ],
            [
              106.665537956646233,
              38.820257879681535
            ],
            [
              106.717784050396233,
              38.858181056764863
            ],
            [
              106.840342644146233,
              38.987616278119035
            ],
            [
              106.859385612896233,
              39.013617254681535
            ],
            [
              106.866221550396233,
              39.043158270306535
            ],
            [
              106.853770378521233,
              39.077215887494035
            ],
            [
              106.881602409771233,
              39.104559637494035
            ],
            [
              106.848155144146233,
              39.163885809369035
            ],
            [
              106.836680534771233,
              39.172796942181535
            ],
            [
              106.819590691021233,
              39.180487371869035
            ],
            [
              106.808034701437919,
              39.198919989056535
            ],
            [
              106.801280144146233,
              39.221625067181535
            ],
            [
              106.799082878521233,
              39.241725978639863
            ],
            [
              106.809092644146233,
              39.309271551556535
            ],
            [
              106.802419467062919,
              39.327093817181535
            ],
            [
              106.797780795187919,
              39.334906317181535
            ],
            [
              106.793467644146233,
              39.352891343223199
            ],
            [
              106.788828972271233,
              39.360907293744035
            ],
            [
              106.780365430604547,
              39.368353582806535
            ],
            [
              106.765147331646233,
              39.378363348431535
            ],
            [
              106.758799675396233,
              39.385077215619035
            ],
            [
              106.749929232687919,
              39.418809311973199
            ],
            [
              106.752452019146233,
              39.465521551556535
            ],
            [
              106.775319857687919,
              39.559271551556535
            ],
            [
              106.778575066021233,
              39.584336655723199
            ],
            [
              106.778330925396233,
              39.595485744264863
            ],
            [
              106.773529493104547,
              39.616563218223199
            ],
            [
              106.772471550396233,
              39.628729559369035
            ],
            [
              106.776540560812919,
              39.652451890098199
            ],
            [
              106.783620638937919,
              39.664333400514863
            ],
            [
              106.785085482687919,
              39.674627996869035
            ],
            [
              106.772471550396233,
              39.693548895306535
            ],
            [
              106.767344597271233,
              39.695990301556535
            ],
            [
              106.760508659771233,
              39.696885483848199
            ],
            [
              106.754486524354547,
              39.698797918744035
            ],
            [
              106.751963737896233,
              39.704169012494035
            ],
            [
              106.752940300396233,
              39.713731186973199
            ],
            [
              106.757497592062919,
              39.729681707806535
            ],
            [
              106.758799675396233,
              39.738592840619035
            ],
            [
              106.759938998312919,
              39.742132879681535
            ],
            [
              106.762705925396233,
              39.747178452598199
            ],
            [
              106.765147331646233,
              39.753933009889863
            ],
            [
              106.765635612896233,
              39.762518621869035
            ],
            [
              106.763194206646233,
              39.772324936973199
            ],
            [
              106.754893425396233,
              39.788356838014863
            ],
            [
              106.751963737896233,
              39.796657619264863
            ],
            [
              106.744558138937919,
              39.854925848431535
            ],
            [
              106.739756706646233,
              39.862738348431535
            ],
            [
              106.717377149354547,
              39.886175848431535
            ],
            [
              106.710378451437919,
              39.898993231244035
            ],
            [
              106.738291862896233,
              39.919501043744035
            ],
            [
              106.738454623312919,
              39.929754949994035
            ],
            [
              106.733653191021233,
              39.938910223431535
            ],
            [
              106.730235222271233,
              39.947780666139863
            ],
            [
              106.734629753521233,
              39.957342840619035
            ],
            [
              106.738047722271233,
              39.971502996869035
            ],
            [
              106.733002149354547,
              39.990301824994035
            ],
            [
              106.724538607687919,
              40.007391668744035
            ],
            [
              106.717784050396233,
              40.016302801556535
            ],
            [
              106.709076368104547,
              40.038112697389863
            ],
            [
              106.727142774354547,
              40.062608140098199
            ],
            [
              106.858653191021233,
              40.179754949994035
            ],
            [
              106.870127800396233,
              40.183620509889863
            ],
            [
              106.874278191021233,
              40.166571356244035
            ],
            [
              106.977305534771233,
              40.241644598431535
            ],
            [
              106.999034050396233,
              40.251084702598199
            ],
            [
              107.007090691021233,
              40.257147528119035
            ],
            [
              107.014740430604547,
              40.269313869264863
            ],
            [
              107.025889519146233,
              40.302679754681535
            ],
            [
              107.031830274354547,
              40.310492254681535
            ],
            [
              107.057871941021233,
              40.332790431764863
            ],
            [
              107.066009961854547,
              40.337836004681535
            ],
            [
              107.080983920187919,
              40.341742254681535
            ],
            [
              107.113861524354547,
              40.345567124473199
            ],
            [
              107.128021680604547,
              40.351507879681535
            ],
            [
              107.151540560812919,
              40.376044012494035
            ],
            [
              107.158702019146233,
              40.402044989056535
            ],
            [
              107.154063347271233,
              40.428330796348199
            ],
            [
              107.141693555604547,
              40.453924871869035
            ],
            [
              107.147227409771233,
              40.462225653119035
            ],
            [
              107.163259310812919,
              40.477240301556535
            ],
            [
              107.169688347271233,
              40.481878973431535
            ],
            [
              107.179860873312919,
              40.486395574994035
            ],
            [
              107.205739779562919,
              40.494411525514863
            ],
            [
              107.214366081646233,
              40.499212957806535
            ],
            [
              107.220225456646233,
              40.512396551556535
            ],
            [
              107.205170118104547,
              40.540228582806535
            ],
            [
              107.203868034771233,
              40.563788153119035
            ],
            [
              107.211843295187919,
              40.582709051556535
            ],
            [
              107.224864128521233,
              40.595160223431535
            ],
            [
              107.255300326437919,
              40.615586655723199
            ],
            [
              107.262950066021233,
              40.625433660931535
            ],
            [
              107.266123894146233,
              40.632920640098199
            ],
            [
              107.270762566021233,
              40.637803452598199
            ],
            [
              107.282644076437919,
              40.639471746869035
            ],
            [
              107.309825066021233,
              40.640082098431535
            ],
            [
              107.322194857687919,
              40.642279364056535
            ],
            [
              107.348562045187919,
              40.652451890098199
            ],
            [
              107.380056185812919,
              40.656683660931535
            ],
            [
              107.395030144146233,
              40.660589910931535
            ],
            [
              107.440358920187919,
              40.701605535931535
            ],
            [
              107.466563347271233,
              40.709906317181535
            ],
            [
              107.490244987896233,
              40.726629949994035
            ],
            [
              107.513926628521233,
              40.739203192181535
            ],
            [
              107.539073112896233,
              40.735052801556535
            ],
            [
              107.561452670187919,
              40.737250067181535
            ],
            [
              107.573985222271233,
              40.746852931764863
            ],
            [
              107.583506706646233,
              40.757432358848199
            ],
            [
              107.643972201437919,
              40.774766343223199
            ],
            [
              107.663096550396233,
              40.776068426556535
            ],
            [
              107.694590691021233,
              40.768866278119035
            ],
            [
              107.706634961854547,
              40.771429754681535
            ],
            [
              107.711436394146233,
              40.786932684369035
            ],
            [
              107.706716342062919,
              40.801581121869035
            ],
            [
              107.699636263937919,
              40.816595770306535
            ],
            [
              107.699799024354547,
              40.829779364056535
            ],
            [
              107.717702670187919,
              40.838731186973199
            ],
            [
              107.732432487896233,
              40.851263739056535
            ],
            [
              107.758392774354547,
              40.859483140098199
            ],
            [
              107.862071159771233,
              40.869899806764863
            ],
            [
              107.885183138937919,
              40.867499090619035
            ],
            [
              107.905528191021233,
              40.855169989056535
            ],
            [
              107.916270378521233,
              40.850165106244035
            ],
            [
              107.928314649354547,
              40.851752020306535
            ],
            [
              107.950450066021233,
              40.858587957806535
            ],
            [
              108.011973503521233,
              40.858587957806535
            ],
            [
              108.086680534771233,
              40.847723699994035
            ],
            [
              108.115000847271233,
              40.851752020306535
            ],
            [
              108.142100456646233,
              40.870550848431535
            ],
            [
              108.156748894146233,
              40.877142645306535
            ],
            [
              108.173269076437919,
              40.879706121869035
            ],
            [
              108.178802930604547,
              40.874579168744035
            ],
            [
              108.197520378521233,
              40.838731186973199
            ],
            [
              108.208750847271233,
              40.827907619264863
            ],
            [
              108.224213086854547,
              40.817938543744035
            ],
            [
              108.240814649354547,
              40.813910223431535
            ],
            [
              108.268890821229547,
              40.826686916139863
            ],
            [
              108.283702019146233,
              40.822943426556535
            ],
            [
              108.306732618104547,
              40.810817775514863
            ],
            [
              108.337819857687919,
              40.810166733848199
            ],
            [
              108.404795769146233,
              40.820583400514863
            ],
            [
              108.437754753521233,
              40.817002671348199
            ],
            [
              108.451752149354547,
              40.808539129681535
            ],
            [
              108.467295769146233,
              40.793321030723199
            ],
            [
              108.479746941021233,
              40.775458074994035
            ],
            [
              108.484873894146233,
              40.758978582806535
            ],
            [
              108.492605013937919,
              40.752508856244035
            ],
            [
              108.528249545187919,
              40.739772853639863
            ],
            [
              108.550873243104547,
              40.717962957806535
            ],
            [
              108.576263868104547,
              40.682725327598199
            ],
            [
              108.581065300396233,
              40.670233465619035
            ],
            [
              108.590830925396233,
              40.661566473431535
            ],
            [
              108.612884961854547,
              40.654120184369035
            ],
            [
              108.670420769146233,
              40.642645574994035
            ],
            [
              108.680267774354547,
              40.632635809369035
            ],
            [
              108.687591993104547,
              40.621039129681535
            ],
            [
              108.697194857687919,
              40.612168686973199
            ],
            [
              108.713959180604547,
              40.609930731244035
            ],
            [
              108.748057487896233,
              40.617987371869035
            ],
            [
              108.766123894146233,
              40.612168686973199
            ],
            [
              108.757090691021233,
              40.588080145306535
            ],
            [
              108.763601107687919,
              40.573187567181535
            ],
            [
              108.779795769146233,
              40.564032293744035
            ],
            [
              108.811289909771233,
              40.551865952598199
            ],
            [
              108.820323112896233,
              40.546738999473199
            ],
            [
              108.830007357687919,
              40.543280340619035
            ],
            [
              108.842377149354547,
              40.543280340619035
            ],
            [
              108.848399284771233,
              40.546942449994035
            ],
            [
              108.856455925396233,
              40.553900457806535
            ],
            [
              108.866709831646233,
              40.560736395306535
            ],
            [
              108.879405144146233,
              40.563788153119035
            ],
            [
              108.883230013937919,
              40.558417059369035
            ],
            [
              108.886647982687919,
              40.546698309369035
            ],
            [
              108.891612175396233,
              40.534979559369035
            ],
            [
              108.900401237896233,
              40.529608465619035
            ],
            [
              108.913096550396233,
              40.531683660931535
            ],
            [
              108.921397331646233,
              40.534694728639863
            ],
            [
              108.929453972271233,
              40.534369207806535
            ],
            [
              108.941009961854547,
              40.526231186973199
            ],
            [
              108.950694206646233,
              40.522162176556535
            ],
            [
              108.963796420187919,
              40.521348374473199
            ],
            [
              108.989268425396233,
              40.522772528119035
            ],
            [
              109.000254753521233,
              40.526312567181535
            ],
            [
              109.004405144146233,
              40.534979559369035
            ],
            [
              109.005625847271233,
              40.556952215619035
            ],
            [
              109.015391472271233,
              40.547430731244035
            ],
            [
              109.025889519146233,
              40.545192775514863
            ],
            [
              109.036550326437919,
              40.548854884889863
            ],
            [
              109.046641472271233,
              40.556952215619035
            ],
            [
              109.046397331646233,
              40.540635483848199
            ],
            [
              109.049896680604547,
              40.528672593223199
            ],
            [
              109.057871941021233,
              40.525010483848199
            ],
            [
              109.087331576437919,
              40.546657619264863
            ],
            [
              109.098155144146233,
              40.547227280723199
            ],
            [
              109.122325066021233,
              40.529608465619035
            ],
            [
              109.150075717062919,
              40.523708400514863
            ],
            [
              109.185069206646233,
              40.520697332806535
            ],
            [
              109.207286003521233,
              40.511908270306535
            ],
            [
              109.197520378521233,
              40.488714910931535
            ],
            [
              109.222341342062919,
              40.492051499473199
            ],
            [
              109.286713086854547,
              40.522772528119035
            ],
            [
              109.279551628521233,
              40.490423895306535
            ],
            [
              109.287119987896233,
              40.488226629681535
            ],
            [
              109.335134310812919,
              40.487331447389863
            ],
            [
              109.355479362896233,
              40.483425197389863
            ],
            [
              109.396576368104547,
              40.468207098431535
            ],
            [
              109.413096550396233,
              40.477362371869035
            ],
            [
              109.459483269146233,
              40.489813543744035
            ],
            [
              109.472341342062919,
              40.502305405723199
            ],
            [
              109.460703972271233,
              40.502305405723199
            ],
            [
              109.450043164979547,
              40.504502671348199
            ],
            [
              109.439952019146233,
              40.508856512494035
            ],
            [
              109.430918816021233,
              40.515326239056535
            ],
            [
              109.447032097271233,
              40.520819403119035
            ],
            [
              109.482513868104547,
              40.524603582806535
            ],
            [
              109.499034050396233,
              40.529608465619035
            ],
            [
              109.505869987896233,
              40.516709702598199
            ],
            [
              109.519216342062919,
              40.522650457806535
            ],
            [
              109.536550326437919,
              40.535508530723199
            ],
            [
              109.554453972271233,
              40.543280340619035
            ],
            [
              109.572845899354547,
              40.542263088014863
            ],
            [
              109.582041862896233,
              40.539129949994035
            ],
            [
              109.590830925396233,
              40.539984442181535
            ],
            [
              109.608327670187919,
              40.550726629681535
            ],
            [
              109.665131055604547,
              40.496771551556535
            ],
            [
              109.690440300396233,
              40.484686590619035
            ],
            [
              109.700856967062919,
              40.477606512494035
            ],
            [
              109.713389519146233,
              40.475287176556535
            ],
            [
              109.737640821229547,
              40.492458400514863
            ],
            [
              109.749034050396233,
              40.497829494264863
            ],
            [
              109.762299024354547,
              40.501166082806535
            ],
            [
              109.789561394146233,
              40.504014390098199
            ],
            [
              109.828054232687919,
              40.515326239056535
            ],
            [
              109.883311394146233,
              40.515326239056535
            ],
            [
              109.892507357687919,
              40.519964910931535
            ],
            [
              109.901377800396233,
              40.522650457806535
            ],
            [
              109.910655144146233,
              40.522772528119035
            ],
            [
              109.916026237896233,
              40.520290431764863
            ],
            [
              109.924245638937919,
              40.512396551556535
            ],
            [
              109.931162956646233,
              40.509141343223199
            ],
            [
              109.941498243104547,
              40.505886134889863
            ],
            [
              109.952891472271233,
              40.503973699994035
            ],
            [
              109.963633659771233,
              40.508124090619035
            ],
            [
              109.972097201437919,
              40.522772528119035
            ],
            [
              109.988291862896233,
              40.511582749473199
            ],
            [
              109.999603711854547,
              40.512803452598199
            ],
            [
              110.010183138937919,
              40.519069728639863
            ],
            [
              110.023936394146233,
              40.522772528119035
            ],
            [
              110.039642774354547,
              40.520575262494035
            ],
            [
              110.054779493104547,
              40.516709702598199
            ],
            [
              110.069021029562919,
              40.515977280723199
            ],
            [
              110.082530144146233,
              40.522772528119035
            ],
            [
              110.095225456646233,
              40.510687567181535
            ],
            [
              110.102305534771233,
              40.505397853639863
            ],
            [
              110.109873894146233,
              40.502305405723199
            ],
            [
              110.122813347271233,
              40.502875067181535
            ],
            [
              110.142588737896233,
              40.512884832806535
            ],
            [
              110.153330925396233,
              40.515326239056535
            ],
            [
              110.154307487896233,
              40.518906968223199
            ],
            [
              110.167572461854547,
              40.540228582806535
            ],
            [
              110.175140821229547,
              40.541571356244035
            ],
            [
              110.202565951437919,
              40.539618231244035
            ],
            [
              110.211680534771233,
              40.537054754681535
            ],
            [
              110.223155144146233,
              40.522772528119035
            ],
            [
              110.237803581646233,
              40.482733465619035
            ],
            [
              110.246104362896233,
              40.474432684369035
            ],
            [
              110.286387566021233,
              40.483913478639863
            ],
            [
              110.303640170187919,
              40.481390692181535
            ],
            [
              110.293549024354547,
              40.461371160931535
            ],
            [
              110.306651237896233,
              40.453192449994035
            ],
            [
              110.347097201437919,
              40.453151759889863
            ],
            [
              110.355723503521233,
              40.450791733848199
            ],
            [
              110.362071159771233,
              40.444199936973199
            ],
            [
              110.403412305604547,
              40.420436916139863
            ],
            [
              110.419200066021233,
              40.398382879681535
            ],
            [
              110.430267774354547,
              40.388495184369035
            ],
            [
              110.441416862896233,
              40.389349676556535
            ],
            [
              110.456390821229547,
              40.397080796348199
            ],
            [
              110.467377149354547,
              40.394598699994035
            ],
            [
              110.475026888937919,
              40.385077215619035
            ],
            [
              110.479095899354547,
              40.372015692181535
            ],
            [
              110.486501498312919,
              40.372015692181535
            ],
            [
              110.506846550396233,
              40.381374416139863
            ],
            [
              110.542979362896233,
              40.360541082806535
            ],
            [
              110.580739779562919,
              40.331854559369035
            ],
            [
              110.606049024354547,
              40.317409572389863
            ],
            [
              110.638194206646233,
              40.322129624473199
            ],
            [
              110.658132357687919,
              40.321804103639863
            ],
            [
              110.688487175396233,
              40.305731512494035
            ],
            [
              110.727305534771233,
              40.296738999473199
            ],
            [
              110.746104362896233,
              40.290065822389863
            ],
            [
              110.765879753521233,
              40.280340887494035
            ],
            [
              110.779795769146233,
              40.276068426556535
            ],
            [
              110.814952019146233,
              40.276434637494035
            ],
            [
              110.834401888937919,
              40.273708400514863
            ],
            [
              110.864838086854547,
              40.258815822389863
            ],
            [
              110.879893425396233,
              40.255316473431535
            ],
            [
              110.941335482687919,
              40.253281968223199
            ],
            [
              110.964854362896233,
              40.262640692181535
            ],
            [
              110.987396680604547,
              40.261664129681535
            ],
            [
              110.996592644146233,
              40.265895900514863
            ],
            [
              111.014903191021233,
              40.283392645306535
            ],
            [
              111.034678581646233,
              40.296901759889863
            ],
            [
              111.061045769146233,
              40.267197983848199
            ],
            [
              111.184825066021233,
              40.208115952598199
            ],
            [
              111.209564649354547,
              40.180446681764863
            ],
            [
              111.219737175396233,
              40.172715561973199
            ],
            [
              111.231293164979547,
              40.168972072389863
            ],
            [
              111.254974805604547,
              40.166774806764863
            ],
            [
              111.277191602479547,
              40.160752671348199
            ],
            [
              111.290700717062919,
              40.159043686973199
            ],
            [
              111.302744987896233,
              40.156073309369035
            ],
            [
              111.328298373312919,
              40.118719793744035
            ],
            [
              111.338389519146233,
              40.110663153119035
            ],
            [
              111.361338737896233,
              40.097967840619035
            ],
            [
              111.369883659771233,
              40.090847072389863
            ],
            [
              111.379893425396233,
              40.062445379681535
            ],
            [
              111.380788607687919,
              40.057318426556535
            ],
            [
              111.397390170187919,
              40.047919012494035
            ],
            [
              111.405365430604547,
              40.025824285931535
            ],
            [
              111.411387566021233,
              39.981553452598199
            ],
            [
              111.436534050396233,
              39.917303778119035
            ],
            [
              111.435313347271233,
              39.906439520306535
            ],
            [
              111.423431836854547,
              39.895941473431535
            ],
            [
              111.397227409771233,
              39.830755926556535
            ],
            [
              111.365244987896233,
              39.777533270306535
            ],
            [
              111.359466993104547,
              39.750433660931535
            ],
            [
              111.369883659771233,
              39.721502996869035
            ],
            [
              111.417572461854547,
              39.683661199994035
            ],
            [
              111.420095248312919,
              39.672430731244035
            ],
            [
              111.426768425396233,
              39.658880926556535
            ],
            [
              111.435638868104547,
              39.646592515098199
            ],
            [
              111.445567253521233,
              39.638983465619035
            ],
            [
              111.463145378521233,
              39.620184637494035
            ],
            [
              111.453623894146233,
              39.617254949994035
            ],
            [
              111.425140821229547,
              39.625311590619035
            ],
            [
              111.424245638937919,
              39.617214259889863
            ],
            [
              111.425140821229547,
              39.535956121869035
            ],
            [
              111.420909050396233,
              39.522040106244035
            ],
            [
              111.372487826437919,
              39.489081121869035
            ],
            [
              111.342377149354547,
              39.444362697389863
            ],
            [
              111.316986524354547,
              39.429388739056535
            ],
            [
              111.284108920187919,
              39.424872137494035
            ],
            [
              111.199147982687919,
              39.427069403119035
            ],
            [
              111.163991732687919,
              39.423163153119035
            ],
            [
              111.134287956646233,
              39.410508530723199
            ],
            [
              111.109873894146233,
              39.385077215619035
            ],
            [
              111.118174675396233,
              39.376044012494035
            ],
            [
              111.141205274354547,
              39.367254949994035
            ],
            [
              111.150808138937919,
              39.357123114056535
            ],
            [
              111.166840039979547,
              39.364691473431535
            ],
            [
              111.174571159771233,
              39.356756903119035
            ],
            [
              111.179209831646233,
              39.342352606244035
            ],
            [
              111.184825066021233,
              39.330430405723199
            ],
            [
              111.200205925396233,
              39.320908921348199
            ],
            [
              111.214772982687919,
              39.316351629681535
            ],
            [
              111.224619987896233,
              39.310492254681535
            ],
            [
              111.226573112896233,
              39.296942449994035
            ],
            [
              111.221608920187919,
              39.283392645306535
            ],
            [
              111.158213737896233,
              39.172796942181535
            ],
            [
              111.134206576437919,
              39.099432684369035
            ],
            [
              111.117686394146233,
              39.067328192181535
            ],
            [
              111.088633659771233,
              39.042507228639863
            ],
            [
              111.021901888937919,
              39.018581447389863
            ],
            [
              110.994639519146233,
              39.003770249473199
            ],
            [
              110.972585482687919,
              38.974188543744035
            ],
            [
              110.994151237896233,
              38.937201239056535
            ],
            [
              111.003509961854547,
              38.916083074994035
            ],
            [
              111.003428581646233,
              38.902533270306535
            ],
            [
              110.994151237896233,
              38.885280666139863
            ],
            [
              110.979991081646233,
              38.816514390098199
            ],
            [
              110.969004753521233,
              38.798854884889863
            ],
            [
              110.957530144146233,
              38.785264390098199
            ],
            [
              110.948334180604547,
              38.771104233848199
            ],
            [
              110.942800326437919,
              38.739365952598199
            ],
            [
              110.937510612896233,
              38.731553452598199
            ],
            [
              110.921397331646233,
              38.717230535931535
            ],
            [
              110.915049675396233,
              38.708441473431535
            ],
            [
              110.904307487896233,
              38.679388739056535
            ],
            [
              110.871511263937919,
              38.621283270306535
            ],
            [
              110.873220248312919,
              38.611680405723199
            ],
            [
              110.875254753521233,
              38.607489324994035
            ],
            [
              110.900645378521233,
              38.580389715619035
            ],
            [
              110.901296420187919,
              38.573675848431535
            ],
            [
              110.899017774354547,
              38.545355535931535
            ],
            [
              110.896983269146233,
              38.535345770306535
            ],
            [
              110.890716993104547,
              38.525091864056535
            ],
            [
              110.876475456646233,
              38.509955145306535
            ],
            [
              110.870127800396233,
              38.501817124473199
            ],
            [
              110.865326368104547,
              38.490301824994035
            ],
            [
              110.859466993104547,
              38.467962957806535
            ],
            [
              110.852549675396233,
              38.457098699994035
            ],
            [
              110.833750847271233,
              38.445827541139863
            ],
            [
              110.792084180604547,
              38.439561265098199
            ],
            [
              110.774017774354547,
              38.426092840619035
            ],
            [
              110.755625847271233,
              38.390407619264863
            ],
            [
              110.746104362896233,
              38.377712306764863
            ],
            [
              110.711192253521233,
              38.356797593223199
            ],
            [
              110.705088737896233,
              38.354437567181535
            ],
            [
              110.700694206646233,
              38.346747137494035
            ],
            [
              110.670990430604547,
              38.316921291139863
            ],
            [
              110.659678581646233,
              38.310003973431535
            ],
            [
              110.647471550396233,
              38.305609442181535
            ],
            [
              110.634287956646233,
              38.303290106244035
            ],
            [
              110.604340039979547,
              38.301377671348199
            ],
            [
              110.589854362896233,
              38.296698309369035
            ],
            [
              110.579274935812919,
              38.287217515098199
            ],
            [
              110.568614128521233,
              38.232204494264863
            ],
            [
              110.568614128521233,
              38.226874090619035
            ],
            [
              110.559255404562919,
              38.216905015098199
            ],
            [
              110.547129753521233,
              38.210882879681535
            ],
            [
              110.532806836854547,
              38.207871811973199
            ],
            [
              110.517019076437919,
              38.207058009889863
            ],
            [
              110.510915560812919,
              38.202093817181535
            ],
            [
              110.499603711854547,
              38.166042384889863
            ],
            [
              110.509287956646233,
              38.144964910931535
            ],
            [
              110.509043816021233,
              38.128037827598199
            ],
            [
              110.499603711854547,
              38.090358791139863
            ],
            [
              110.507090691021233,
              38.011542059369035
            ],
            [
              110.507823112896233,
              38.008653061973199
            ],
            [
              110.511647982687919,
              38.005072332806535
            ],
            [
              110.513275586854547,
              38.001003322389863
            ],
            [
              110.513601107687919,
              37.982530015098199
            ],
            [
              110.513275586854547,
              37.980495509889863
            ],
            [
              110.514170769146233,
              37.970160223431535
            ],
            [
              110.512950066021233,
              37.961249090619035
            ],
            [
              110.514903191021233,
              37.954901434369035
            ],
            [
              110.524099154562919,
              37.952500718223199
            ],
            [
              110.545095248312919,
              37.949652410931535
            ],
            [
              110.562510612896233,
              37.942002671348199
            ],
            [
              110.576914909771233,
              37.931260483848199
            ],
            [
              110.588959180604547,
              37.919012762494035
            ],
            [
              110.653086784771233,
              37.813096421348199
            ],
            [
              110.674408399354547,
              37.796169338014863
            ],
            [
              110.728933138937919,
              37.773545640098199
            ],
            [
              110.742686394146233,
              37.764756577598199
            ],
            [
              110.752858920187919,
              37.745672918744035
            ],
            [
              110.743744336854547,
              37.732448634889863
            ],
            [
              110.705088737896233,
              37.713568426556535
            ],
            [
              110.727061394146233,
              37.700262762494035
            ],
            [
              110.778900586854547,
              37.678290106244035
            ],
            [
              110.794444206646233,
              37.658311265098199
            ],
            [
              110.787689649354547,
              37.652411199994035
            ],
            [
              110.770437045187919,
              37.641180731244035
            ],
            [
              110.766612175396233,
              37.637884832806535
            ],
            [
              110.766042513937919,
              37.623968817181535
            ],
            [
              110.771006706646233,
              37.613348699994035
            ],
            [
              110.777191602479547,
              37.603867905723199
            ],
            [
              110.786713086854547,
              37.573513088014863
            ],
            [
              110.788584831646233,
              37.561346746869035
            ],
            [
              110.783702019146233,
              37.555934963014863
            ],
            [
              110.775808138937919,
              37.551865952598199
            ],
            [
              110.769460482687919,
              37.542344468223199
            ],
            [
              110.746104362896233,
              37.480169989056535
            ],
            [
              110.738454623312919,
              37.469427801556535
            ],
            [
              110.715342644146233,
              37.449774481244035
            ],
            [
              110.696218295187919,
              37.439398504681535
            ],
            [
              110.653330925396233,
              37.433905340619035
            ],
            [
              110.636729362896233,
              37.418158270306535
            ],
            [
              110.630056185812919,
              37.396551824994035
            ],
            [
              110.633311394146233,
              37.379217840619035
            ],
            [
              110.646250847271233,
              37.367702541139863
            ],
            [
              110.667897982687919,
              37.363552150514863
            ],
            [
              110.687103711854547,
              37.357123114056535
            ],
            [
              110.687510612896233,
              37.342108465619035
            ],
            [
              110.670990430604547,
              37.309515692181535
            ],
            [
              110.669362826437919,
              37.301092840619035
            ],
            [
              110.670013868104547,
              37.295721746869035
            ],
            [
              110.669688347271233,
              37.290391343223199
            ],
            [
              110.664805534771233,
              37.282171942181535
            ],
            [
              110.660817904562919,
              37.280300197389863
            ],
            [
              110.647634310812919,
              37.276638088014863
            ],
            [
              110.643565300396233,
              37.274725653119035
            ],
            [
              110.640879753521233,
              37.269639390098199
            ],
            [
              110.636729362896233,
              37.256374416139863
            ],
            [
              110.633718295187919,
              37.250840561973199
            ],
            [
              110.568614128521233,
              37.178534246869035
            ],
            [
              110.536794467062919,
              37.155381577598199
            ],
            [
              110.527598503521233,
              37.144395249473199
            ],
            [
              110.516368034771233,
              37.115016994264863
            ],
            [
              110.508718295187919,
              37.101589259889863
            ],
            [
              110.496185743104547,
              37.095974025514863
            ],
            [
              110.489268425396233,
              37.091823634889863
            ],
            [
              110.478933138937919,
              37.081651108848199
            ],
            [
              110.469493034771233,
              37.069403387494035
            ],
            [
              110.465586784771233,
              37.058783270306535
            ],
            [
              110.459890170187919,
              37.051133530723199
            ],
            [
              110.446381055604547,
              37.044256903119035
            ],
            [
              110.417735222271233,
              37.035183009889863
            ],
            [
              110.417735222271233,
              37.027696030723199
            ],
            [
              110.425384961854547,
              37.027044989056535
            ],
            [
              110.445078972271233,
              37.021511134889863
            ],
            [
              110.427256706646233,
              37.010199285931535
            ],
            [
              110.407969597271233,
              37.014756577598199
            ],
            [
              110.389170769146233,
              37.021836655723199
            ],
            [
              110.373057487896233,
              37.017767645306535
            ],
            [
              110.372813347271233,
              37.007269598431535
            ],
            [
              110.383799675396233,
              36.994981186973199
            ],
            [
              110.397878451437919,
              36.984808660931535
            ],
            [
              110.407155795187919,
              36.980536199994035
            ],
            [
              110.417979362896233,
              36.967230535931535
            ],
            [
              110.412526888937919,
              36.937526759889863
            ],
            [
              110.394786003521233,
              36.906927801556535
            ],
            [
              110.369232618104547,
              36.891180731244035
            ],
            [
              110.376719597271233,
              36.878485418744035
            ],
            [
              110.400808138937919,
              36.861110744264863
            ],
            [
              110.410817904562919,
              36.849554754681535
            ],
            [
              110.403819206646233,
              36.837266343223199
            ],
            [
              110.407237175396233,
              36.829942124473199
            ],
            [
              110.414235873312919,
              36.824001369264863
            ],
            [
              110.417735222271233,
              36.816026108848199
            ],
            [
              110.414968295187919,
              36.805121160931535
            ],
            [
              110.409108920187919,
              36.795762436973199
            ],
            [
              110.397227409771233,
              36.781317449994035
            ],
            [
              110.393077019146233,
              36.780707098431535
            ],
            [
              110.385752800396233,
              36.781032619264863
            ],
            [
              110.378998243104547,
              36.779893296348199
            ],
            [
              110.376719597271233,
              36.775091864056535
            ],
            [
              110.379893425396233,
              36.769964910931535
            ],
            [
              110.392100456646233,
              36.765000718223199
            ],
            [
              110.397227409771233,
              36.760809637494035
            ],
            [
              110.399912956646233,
              36.760524806764863
            ],
            [
              110.417735222271233,
              36.753973699994035
            ],
            [
              110.412201368104547,
              36.753688869264863
            ],
            [
              110.413096550396233,
              36.745306707806535
            ],
            [
              110.416107618104547,
              36.736151434369035
            ],
            [
              110.417735222271233,
              36.733506577598199
            ],
            [
              110.439056836854547,
              36.742254949994035
            ],
            [
              110.441009961854547,
              36.726426499473199
            ],
            [
              110.432058138937919,
              36.703965561973199
            ],
            [
              110.421153191021233,
              36.692572332806535
            ],
            [
              110.410573763937919,
              36.695013739056535
            ],
            [
              110.400482618104547,
              36.698838608848199
            ],
            [
              110.392832878521233,
              36.698553778119035
            ],
            [
              110.389740430604547,
              36.688788153119035
            ],
            [
              110.393565300396233,
              36.682318426556535
            ],
            [
              110.482920769146233,
              36.592881577598199
            ],
            [
              110.489756706646233,
              36.577337957806535
            ],
            [
              110.498545769146233,
              36.524481512494035
            ],
            [
              110.499603711854547,
              36.507595119264863
            ],
            [
              110.495941602479547,
              36.483994858848199
            ],
            [
              110.482188347271233,
              36.448553778119035
            ],
            [
              110.476328972271233,
              36.404852606244035
            ],
            [
              110.458750847271233,
              36.349310614056535
            ],
            [
              110.459076368104547,
              36.327093817181535
            ],
            [
              110.470144076437919,
              36.286159572389863
            ],
            [
              110.472992383729547,
              36.263698634889863
            ],
            [
              110.469004753521233,
              36.243231512494035
            ],
            [
              110.450612826437919,
              36.206854559369035
            ],
            [
              110.445078972271233,
              36.185410874473199
            ],
            [
              110.446869336854547,
              36.141791082806535
            ],
            [
              110.497487826437919,
              35.979600327598199
            ],
            [
              110.500661654562919,
              35.933132228639863
            ],
            [
              110.505951368104547,
              35.911973374473199
            ],
            [
              110.507090691021233,
              35.900824285931535
            ],
            [
              110.510752800396233,
              35.886786199994035
            ],
            [
              110.519541862896233,
              35.885077215619035
            ],
            [
              110.530690951437919,
              35.887030340619035
            ],
            [
              110.541270378521233,
              35.883815822389863
            ],
            [
              110.560150586854547,
              35.849147853639863
            ],
            [
              110.575450066021233,
              35.712469793744035
            ],
            [
              110.611338737896233,
              35.637722072389863
            ],
            [
              110.619639519146233,
              35.597194728639863
            ],
            [
              110.602631055604547,
              35.554225978639863
            ],
            [
              110.572764519146233,
              35.527940171348199
            ],
            [
              110.555918816021233,
              35.508490301556535
            ],
            [
              110.558441602479547,
              35.499579168744035
            ],
            [
              110.562754753521233,
              35.490749416139863
            ],
            [
              110.559255404562919,
              35.470811265098199
            ],
            [
              110.552744987896233,
              35.449896551556535
            ],
            [
              110.547455274354547,
              35.438177801556535
            ],
            [
              110.537526888937919,
              35.427761134889863
            ],
            [
              110.523448112896233,
              35.416571356244035
            ],
            [
              110.508799675396233,
              35.407660223431535
            ],
            [
              110.496185743104547,
              35.403998114056535
            ],
            [
              110.468272331646233,
              35.356024481244035
            ],
            [
              110.458750847271233,
              35.343125718223199
            ],
            [
              110.444834831646233,
              35.335028387494035
            ],
            [
              110.437103711854547,
              35.322333074994035
            ],
            [
              110.431651237896233,
              35.307806707806535
            ],
            [
              110.424571159771233,
              35.294134832806535
            ],
            [
              110.417246941021233,
              35.286403713014863
            ],
            [
              110.372569206646233,
              35.255316473431535
            ],
            [
              110.357595248312919,
              35.238226629681535
            ],
            [
              110.335134310812919,
              35.197943426556535
            ],
            [
              110.326182487896233,
              35.149196681764863
            ],
            [
              110.316905144146233,
              35.125677801556535
            ],
            [
              110.310476107687919,
              35.090887762494035
            ],
            [
              110.291840039979547,
              35.050360418744035
            ],
            [
              110.284597201437919,
              35.009629624473199
            ],
            [
              110.268646680604547,
              34.959418035931535
            ],
            [
              110.259369336854547,
              34.944688218223199
            ],
            [
              110.271006706646233,
              34.913438218223199
            ],
            [
              110.272227409771233,
              34.881455796348199
            ],
            [
              110.262705925396233,
              34.851182358848199
            ],
            [
              110.242442253521233,
              34.824896551556535
            ],
            [
              110.237233920187919,
              34.801336981244035
            ],
            [
              110.241628451437919,
              34.718939520306535
            ],
            [
              110.251963737896233,
              34.663153387494035
            ],
            [
              110.269948763937919,
              34.637274481244035
            ]
          ],
          [
            [
              97.288177930604547,
              34.835475978639863
            ],
            [
              97.301198763937919,
              34.817979233848199
            ],
            [
              97.315928581646233,
              34.816839910931535
            ],
            [
              97.352793816021233,
              34.821804103639863
            ],
            [
              97.406341993104547,
              34.817938543744035
            ],
            [
              97.424815300396233,
              34.821804103639863
            ],
            [
              97.437266472271233,
              34.828436590619035
            ],
            [
              97.484955274354547,
              34.871283270306535
            ],
            [
              97.501719597271233,
              34.876247463014863
            ],
            [
              97.546966993104547,
              34.876003322389863
            ]
          ]
        ]
      }
    },
    {
      "type": "Feature",
      "properties": {
        "dissolve": "873River",
        "scalerank": 8.0,
        "featurecla": "River",
        "name": "Wei",
        "name_alt": null,
        "rivernum": 873,
        "note": null,
        "min_zoom": 7.0,
        "name_en": "Wei",
        "min_label": 8.0
      },
      "geometry": {
        "type": "LineString",
        "coordinates": [
          [
            104.064952019146233,
            34.986273504681535
          ],
          [
            104.067474805604547,
            34.995713608848199
          ],
          [
            104.069021029562919,
            35.018662827598199
          ],
          [
            104.071787956646233,
            35.027207749473199
          ],
          [
            104.080983920187919,
            35.033148504681535
          ],
          [
            104.094655795187919,
            35.038397528119035
          ],
          [
            104.107351107687919,
            35.045762436973199
          ],
          [
            104.115896029562919,
            35.066921291139863
          ],
          [
            104.124278191021233,
            35.074774481244035
          ],
          [
            104.134287956646233,
            35.080349025514863
          ],
          [
            104.156504753521233,
            35.086371160931535
          ],
          [
            104.166107618104547,
            35.095567124473199
          ],
          [
            104.181651237896233,
            35.115993556764863
          ],
          [
            104.197357618104547,
            35.127956447389863
          ],
          [
            104.234060092062919,
            35.139227606244035
          ],
          [
            104.271983269146233,
            35.134100653119035
          ],
          [
            104.352956576437919,
            35.109198309369035
          ],
          [
            104.373138868104547,
            35.107001043744035
          ],
          [
            104.438568555604547,
            35.109198309369035
          ],
          [
            104.456716342062919,
            35.104112046348199
          ],
          [
            104.503835482687919,
            35.068182684369035
          ],
          [
            104.592458529562919,
            35.057969468223199
          ],
          [
            104.603526237896233,
            35.048692124473199
          ],
          [
            104.668223503521233,
            35.019802150514863
          ],
          [
            104.687998894146233,
            34.998480535931535
          ],
          [
            104.694916211854547,
            34.992499090619035
          ],
          [
            104.705088737896233,
            34.987412827598199
          ],
          [
            104.713877800396233,
            34.984198309369035
          ],
          [
            104.720469597271233,
            34.979112046348199
          ],
          [
            104.725108269146233,
            34.957627671348199
          ],
          [
            104.734385612896233,
            34.938747463014863
          ],
          [
            104.736501498312919,
            34.927923895306535
          ],
          [
            104.735036654562919,
            34.915635483848199
          ],
          [
            104.729502800396233,
            34.894354559369035
          ],
          [
            104.729095899354547,
            34.883246160931535
          ],
          [
            104.750010612896233,
            34.836940822389863
          ],
          [
            104.756358269146233,
            34.828436590619035
          ],
          [
            104.774424675396233,
            34.811550197389863
          ],
          [
            104.784434441021233,
            34.807196356244035
          ],
          [
            104.794932487896233,
            34.808905340619035
          ],
          [
            104.805674675396233,
            34.812811590619035
          ],
          [
            104.815684441021233,
            34.815008856244035
          ],
          [
            104.846446159771233,
            34.780829168744035
          ],
          [
            104.886485222271233,
            34.757920640098199
          ],
          [
            104.936289909771233,
            34.749457098431535
          ],
          [
            104.987640821229547,
            34.754746811973199
          ],
          [
            105.031341993104547,
            34.773382879681535
          ],
          [
            105.041026237896233,
            34.781927801556535
          ],
          [
            105.045339388937919,
            34.788153387494035
          ],
          [
            105.051524284771233,
            34.792303778119035
          ],
          [
            105.066823763937919,
            34.794460353639863
          ],
          [
            105.166026237896233,
            34.778753973431535
          ],
          [
            105.175222201437919,
            34.773464259889863
          ],
          [
            105.183604362896233,
            34.766628322389863
          ],
          [
            105.195811394146233,
            34.759711004681535
          ],
          [
            105.239756706646233,
            34.752224025514863
          ],
          [
            105.340017123312919,
            34.758408921348199
          ],
          [
            105.387705925396233,
            34.753485418744035
          ],
          [
            105.451426628521233,
            34.734686590619035
          ],
          [
            105.473236524354547,
            34.732448634889863
          ],
          [
            105.491140170187919,
            34.725531317181535
          ],
          [
            105.499929232687919,
            34.711249090619035
          ],
          [
            105.509938998312919,
            34.699001369264863
          ],
          [
            105.531748894146233,
            34.698268947389863
          ],
          [
            105.538259310812919,
            34.702215887494035
          ],
          [
            105.547373894146233,
            34.714463608848199
          ],
          [
            105.552175326437919,
            34.718125718223199
          ],
          [
            105.563975456646233,
            34.720078843223199
          ],
          [
            105.627533399354547,
            34.714422918744035
          ],
          [
            105.647227409771233,
            34.705430405723199
          ],
          [
            105.681895378521233,
            34.684597072389863
          ],
          [
            105.723236524354547,
            34.669012762494035
          ],
          [
            105.742686394146233,
            34.656927801556535
          ],
          [
            105.750661654562919,
            34.640204168744035
          ],
          [
            105.761485222271233,
            34.626735744264863
          ],
          [
            105.786387566021233,
            34.620957749473199
          ],
          [
            105.833425326437919,
            34.615749416139863
          ],
          [
            105.850189649354547,
            34.605292059369035
          ],
          [
            105.856618685812919,
            34.594102280723199
          ],
          [
            105.860850456646233,
            34.581081447389863
          ],
          [
            105.870616081646233,
            34.564805405723199
          ],
          [
            105.884694857687919,
            34.560085353639863
          ],
          [
            105.953135612896233,
            34.554266668744035
          ],
          [
            105.976573112896233,
            34.547959702598199
          ],
          [
            105.987315300396233,
            34.546820379681535
          ],
          [
            105.995941602479547,
            34.550238348431535
          ],
          [
            106.011241081646233,
            34.565130926556535
          ],
          [
            106.021657748312919,
            34.568548895306535
          ],
          [
            106.027842644146233,
            34.560899155723199
          ],
          [
            106.048106316021233,
            34.546087957806535
          ],
          [
            106.069590691021233,
            34.536322332806535
          ],
          [
            106.079681836854547,
            34.543727931764863
          ],
          [
            106.088877800396233,
            34.556911525514863
          ],
          [
            106.109060092062919,
            34.552191473431535
          ],
          [
            106.141693555604547,
            34.533799546348199
          ],
          [
            106.161713086854547,
            34.531561590619035
          ],
          [
            106.177256706646233,
            34.536566473431535
          ],
          [
            106.192474805604547,
            34.543483791139863
          ],
          [
            106.210703972271233,
            34.546820379681535
          ],
          [
            106.225840691021233,
            34.544501043744035
          ],
          [
            106.270925326437919,
            34.527614650514863
          ],
          [
            106.307058138937919,
            34.521673895306535
          ],
          [
            106.346690300396233,
            34.520086981244035
          ],
          [
            106.450205925396233,
            34.520086981244035
          ],
          [
            106.475677930604547,
            34.524115301556535
          ],
          [
            106.486257357687919,
            34.524033921348199
          ],
          [
            106.498057487896233,
            34.520086981244035
          ],
          [
            106.510345899354547,
            34.511094468223199
          ],
          [
            106.522064649354547,
            34.499823309369035
          ],
          [
            106.534678581646233,
            34.490098374473199
          ],
          [
            106.549327019146233,
            34.486029364056535
          ],
          [
            106.572683138937919,
            34.482489324994035
          ],
          [
            106.595876498312919,
            34.472845770306535
          ],
          [
            106.613861524354547,
            34.458604233848199
          ],
          [
            106.621022982687919,
            34.441270249473199
          ],
          [
            106.626963737896233,
            34.419501043744035
          ],
          [
            106.641612175396233,
            34.405625718223199
          ],
          [
            106.659759961854547,
            34.394883530723199
          ],
          [
            106.676280144146233,
            34.382350978639863
          ],
          [
            106.764414909771233,
            34.371364650514863
          ],
          [
            106.809092644146233,
            34.373643296348199
          ],
          [
            106.853770378521233,
            34.382350978639863
          ],
          [
            106.883799675396233,
            34.393377996869035
          ],
          [
            106.895274284771233,
            34.396022853639863
          ],
          [
            106.907969597271233,
            34.396348374473199
          ],
          [
            106.926687045187919,
            34.391180731244035
          ],
          [
            106.939707878521233,
            34.389756577598199
          ],
          [
            106.949717644146233,
            34.391913153119035
          ],
          [
            106.968841993104547,
            34.401312567181535
          ],
          [
            106.980723503521233,
            34.403428452598199
          ],
          [
            106.991953972271233,
            34.401882228639863
          ],
          [
            107.031830274354547,
            34.389756577598199
          ],
          [
            107.062266472271233,
            34.372910874473199
          ],
          [
            107.073415560812919,
            34.369330145306535
          ],
          [
            107.084727409771233,
            34.370632228639863
          ],
          [
            107.096202019146233,
            34.374945379681535
          ],
          [
            107.107432487896233,
            34.377305405723199
          ],
          [
            107.137705925396233,
            34.361395574994035
          ],
          [
            107.163584831646233,
            34.356268621869035
          ],
          [
            107.296641472271233,
            34.355047918744035
          ],
          [
            107.319590691021233,
            34.351996160931535
          ],
          [
            107.358897331646233,
            34.338446356244035
          ],
          [
            107.381276888937919,
            34.335150457806535
          ],
          [
            107.429779493104547,
            34.340765692181535
          ],
          [
            107.454844597271233,
            34.340643621869035
          ],
          [
            107.474131706646233,
            34.331732489056535
          ],
          [
            107.488291862896233,
            34.322780666139863
          ],
          [
            107.533620638937919,
            34.305446681764863
          ],
          [
            107.553233269146233,
            34.300401108848199
          ],
          [
            107.604746941021233,
            34.296657619264863
          ],
          [
            107.634369336854547,
            34.298122463014863
          ],
          [
            107.671153191021233,
            34.310126043744035
          ],
          [
            107.694753451437919,
            34.304022528119035
          ],
          [
            107.738291862896233,
            34.287380275514863
          ],
          [
            107.774912956646233,
            34.284857489056535
          ],
          [
            107.786631706646233,
            34.280544338014863
          ],
          [
            107.810964388937919,
            34.251410223431535
          ],
          [
            107.816986524354547,
            34.246405340619035
          ],
          [
            108.001719597271233,
            34.232123114056535
          ],
          [
            108.087575717062919,
            34.238959051556535
          ],
          [
            108.112233920187919,
            34.232041733848199
          ],
          [
            108.135671420187919,
            34.221869207806535
          ],
          [
            108.158946159771233,
            34.216986395306535
          ],
          [
            108.183848503521233,
            34.225897528119035
          ],
          [
            108.195730013937919,
            34.219671942181535
          ],
          [
            108.206065300396233,
            34.221299546348199
          ],
          [
            108.217377149354547,
            34.225287176556535
          ],
          [
            108.231618685812919,
            34.225897528119035
          ],
          [
            108.242686394146233,
            34.221380926556535
          ],
          [
            108.263682487896233,
            34.207220770306535
          ],
          [
            108.276377800396233,
            34.204209702598199
          ],
          [
            108.368744336854547,
            34.211696681764863
          ],
          [
            108.448415560812919,
            34.208766994264863
          ],
          [
            108.467458529562919,
            34.215114650514863
          ],
          [
            108.481944206646233,
            34.226507879681535
          ],
          [
            108.497162305604547,
            34.233913478639863
          ],
          [
            108.515554232687919,
            34.237819728639863
          ],
          [
            108.587575717062919,
            34.240586655723199
          ],
          [
            108.611827019146233,
            34.245632228639863
          ],
          [
            108.622080925396233,
            34.256048895306535
          ],
          [
            108.632823112896233,
            34.260524806764863
          ],
          [
            108.690928581646233,
            34.307888088014863
          ],
          [
            108.731944206646233,
            34.320908921348199
          ],
          [
            108.760264519146233,
            34.339178778119035
          ],
          [
            108.769541862896233,
            34.341376043744035
          ],
          [
            108.782644076437919,
            34.347031968223199
          ],
          [
            108.842377149354547,
            34.382350978639863
          ],
          [
            108.903330925396233,
            34.403428452598199
          ],
          [
            108.955983920187919,
            34.414658921348199
          ],
          [
            108.995371941021233,
            34.436306056764863
          ],
          [
            109.054209831646233,
            34.451849676556535
          ],
          [
            109.074473503521233,
            34.472357489056535
          ],
          [
            109.096446159771233,
            34.470160223431535
          ],
          [
            109.129242383729547,
            34.458685614056535
          ],
          [
            109.172862175396233,
            34.431952215619035
          ],
          [
            109.179128451437919,
            34.430121160931535
          ],
          [
            109.201182487896233,
            34.430772202598199
          ],
          [
            109.211192253521233,
            34.432399806764863
          ],
          [
            109.223073763937919,
            34.436590887494035
          ],
          [
            109.234060092062919,
            34.442206121869035
          ],
          [
            109.242198112896233,
            34.448106186973199
          ],
          [
            109.250091993104547,
            34.458929754681535
          ],
          [
            109.252533399354547,
            34.467637436973199
          ],
          [
            109.253835482687919,
            34.476141668744035
          ],
          [
            109.258881055604547,
            34.486029364056535
          ],
          [
            109.263601107687919,
            34.489203192181535
          ],
          [
            109.286713086854547,
            34.499619858848199
          ],
          [
            109.286713086854547,
            34.505886134889863
          ],
          [
            109.278737826437919,
            34.509548244264863
          ],
          [
            109.273529493104547,
            34.513861395306535
          ],
          [
            109.269948763937919,
            34.519639390098199
          ],
          [
            109.266368034771233,
            34.527614650514863
          ],
          [
            109.305674675396233,
            34.543076890098199
          ],
          [
            109.328623894146233,
            34.548041082806535
          ],
          [
            109.345469597271233,
            34.543727931764863
          ],
          [
            109.361501498312919,
            34.535711981244035
          ],
          [
            109.382334831646233,
            34.532904364056535
          ],
          [
            109.399099154562919,
            34.538112697389863
          ],
          [
            109.403412305604547,
            34.554266668744035
          ],
          [
            109.416026237896233,
            34.550238348431535
          ],
          [
            109.434255404562919,
            34.548407293744035
          ],
          [
            109.450856967062919,
            34.550401108848199
          ],
          [
            109.466075066021233,
            34.565252996869035
          ],
          [
            109.483164909771233,
            34.558294989056535
          ],
          [
            109.499034050396233,
            34.546698309369035
          ],
          [
            109.502858920187919,
            34.540635483848199
          ],
          [
            109.513926628521233,
            34.538641668744035
          ],
          [
            109.553233269146233,
            34.519842840619035
          ],
          [
            109.568369987896233,
            34.514024155723199
          ],
          [
            109.583262566021233,
            34.511664129681535
          ],
          [
            109.598073763937919,
            34.514349676556535
          ],
          [
            109.612071159771233,
            34.523871160931535
          ],
          [
            109.631439649354547,
            34.549872137494035
          ],
          [
            109.643890821229547,
            34.570990301556535
          ],
          [
            109.661713086854547,
            34.582871811973199
          ],
          [
            109.697764519146233,
            34.581610418744035
          ],
          [
            109.725596550396233,
            34.575466213014863
          ],
          [
            109.735606316021233,
            34.574774481244035
          ],
          [
            109.740896029562919,
            34.578477280723199
          ],
          [
            109.742930534771233,
            34.587103582806535
          ],
          [
            109.743907097271233,
            34.596258856244035
          ],
          [
            109.746104362896233,
            34.602077541139863
          ],
          [
            109.755625847271233,
            34.614365952598199
          ],
          [
            109.761241081646233,
            34.617051499473199
          ],
          [
            109.777435743104547,
            34.608221746869035
          ],
          [
            109.784434441021233,
            34.609890041139863
          ],
          [
            109.790049675396233,
            34.615261134889863
          ],
          [
            109.793955925396233,
            34.622503973431535
          ],
          [
            109.815684441021233,
            34.604559637494035
          ],
          [
            109.848399284771233,
            34.616319077598199
          ],
          [
            109.869639519146233,
            34.602077541139863
          ],
          [
            109.878835482687919,
            34.609157619264863
          ],
          [
            109.917491081646233,
            34.622503973431535
          ],
          [
            109.921885612896233,
            34.628241278119035
          ],
          [
            109.923106316021233,
            34.635280666139863
          ],
          [
            109.925791862896233,
            34.641180731244035
          ],
          [
            109.934580925396233,
            34.643622137494035
          ],
          [
            109.956960482687919,
            34.642849025514863
          ],
          [
            109.967458529562919,
            34.645453192181535
          ],
          [
            109.972097201437919,
            34.653265692181535
          ],
          [
            109.976328972271233,
            34.671210028119035
          ],
          [
            109.986745638937919,
            34.663885809369035
          ],
          [
            110.006276888937919,
            34.636826890098199
          ],
          [
            110.021576368104547,
            34.634955145306535
          ],
          [
            110.071706576437919,
            34.643622137494035
          ],
          [
            110.083506706646233,
            34.647894598431535
          ],
          [
            110.104991081646233,
            34.666693426556535
          ],
          [
            110.112722201437919,
            34.670965887494035
          ],
          [
            110.124522331646233,
            34.667669989056535
          ],
          [
            110.150319857687919,
            34.650824285931535
          ],
          [
            110.223887566021233,
            34.620306707806535
          ],
          [
            110.257741732687919,
            34.614365952598199
          ],
          [
            110.293467644146233,
            34.623155015098199
          ]
        ]
      }
    },
    {
      "type": "Feature",
      "properties": {
        "dissolve": "882River",
        "scalerank": 8.0,
        "featurecla": "River",
        "name": "Jing",
        "name_alt": null,
        "rivernum": 882,
        "note": null,
        "min_zoom": 7.0,
        "name_en": "Jing",
        "min_label": 8.0
      },
      "geometry": {
        "type": "LineString",
        "coordinates": [
          [
            106.418386263937919,
            35.434841213014863
          ],
          [
            106.493662956646233,
            35.513495184369035
          ],
          [
            106.518565300396233,
            35.534369207806535
          ],
          [
            106.554698112896233,
            35.552028713014863
          ],
          [
            106.597748243104547,
            35.561631577598199
          ],
          [
            106.643972201437919,
            35.562608140098199
          ],
          [
            106.689870638937919,
            35.554225978639863
          ],
          [
            106.752533399354547,
            35.528916733848199
          ],
          [
            106.769053581646233,
            35.516953843223199
          ],
          [
            106.787119987896233,
            35.508083400514863
          ],
          [
            106.861257357687919,
            35.499579168744035
          ],
          [
            107.278575066021233,
            35.360378322389863
          ],
          [
            107.323252800396233,
            35.350775457806535
          ],
          [
            107.367686394146233,
            35.349391994264863
          ],
          [
            107.435069206646233,
            35.367051499473199
          ],
          [
            107.485850456646233,
            35.372503973431535
          ],
          [
            107.553233269146233,
            35.390326239056535
          ],
          [
            107.583099805604547,
            35.389024155723199
          ],
          [
            107.642100456646233,
            35.373643296348199
          ],
          [
            107.685313347271233,
            35.368231512494035
          ],
          [
            107.717865430604547,
            35.358587957806535
          ],
          [
            107.727956576437919,
            35.352809963014863
          ],
          [
            107.736094597271233,
            35.340155340619035
          ],
          [
            107.740489128521233,
            35.327988999473199
          ],
          [
            107.747080925396233,
            35.318874416139863
          ],
          [
            107.786143425396233,
            35.310126043744035
          ],
          [
            107.861827019146233,
            35.274278061973199
          ],
          [
            107.922455274354547,
            35.266872463014863
          ],
          [
            107.937754753521233,
            35.261419989056535
          ],
          [
            107.944834831646233,
            35.255438543744035
          ],
          [
            107.950450066021233,
            35.240749416139863
          ],
          [
            107.952240430604547,
            35.237331447389863
          ],
          [
            107.955088737896233,
            35.233710028119035
          ],
          [
            107.958994987896233,
            35.229844468223199
          ],
          [
            107.964121941021233,
            35.225856838014863
          ],
          [
            107.956065300396233,
            35.223659572389863
          ],
          [
            107.936127149354547,
            35.211615301556535
          ],
          [
            107.941905144146233,
            35.178493556764863
          ],
          [
            107.936696810812919,
            35.145453192181535
          ],
          [
            107.938405795187919,
            35.116725978639863
          ],
          [
            107.964121941021233,
            35.096136785931535
          ],
          [
            107.973724805604547,
            35.090765692181535
          ],
          [
            107.988373243104547,
            35.092230535931535
          ],
          [
            108.002533399354547,
            35.095567124473199
          ],
          [
            108.018890821229547,
            35.096136785931535
          ],
          [
            108.031260612896233,
            35.090765692181535
          ],
          [
            108.066498243104547,
            35.061346746869035
          ],
          [
            108.117930534771233,
            35.030381577598199
          ],
          [
            108.149424675396233,
            35.016546942181535
          ],
          [
            108.176361524354547,
            35.013535874473199
          ],
          [
            108.166433138937919,
            34.992132879681535
          ],
          [
            108.162689649354547,
            34.986273504681535
          ],
          [
            108.175791862896233,
            34.988063869264863
          ],
          [
            108.182139519146233,
            34.985215561973199
          ],
          [
            108.195241732687919,
            34.963446356244035
          ],
          [
            108.199717644146233,
            34.945379949994035
          ],
          [
            108.207530144146233,
            34.934759832806535
          ],
          [
            108.224864128521233,
            34.921413478639863
          ],
          [
            108.264903191021233,
            34.902533270306535
          ],
          [
            108.430267774354547,
            34.800726629681535
          ],
          [
            108.431244336854547,
            34.801825262494035
          ],
          [
            108.445567253521233,
            34.801377671348199
          ],
          [
            108.450205925396233,
            34.800726629681535
          ],
          [
            108.475108269146233,
            34.788600978639863
          ],
          [
            108.482188347271233,
            34.783636785931535
          ],
          [
            108.494720899354547,
            34.769964910931535
          ],
          [
            108.500905795187919,
            34.760443426556535
          ],
          [
            108.509938998312919,
            34.737616278119035
          ],
          [
            108.515635612896233,
            34.729030666139863
          ],
          [
            108.566172722271233,
            34.686590887494035
          ],
          [
            108.604421420187919,
            34.638006903119035
          ],
          [
            108.612803581646233,
            34.619248765098199
          ],
          [
            108.618662956646233,
            34.615749416139863
          ],
          [
            108.627370638937919,
            34.613592840619035
          ],
          [
            108.793386263937919,
            34.505886134889863
          ],
          [
            108.813080274354547,
            34.500433660931535
          ],
          [
            108.861501498312919,
            34.496649481244035
          ],
          [
            108.887705925396233,
            34.485622463014863
          ],
          [
            108.898936394146233,
            34.484890041139863
          ],
          [
            108.920664909771233,
            34.486029364056535
          ],
          [
            108.926524284771233,
            34.483832098431535
          ],
          [
            108.935476107687919,
            34.474473374473199
          ],
          [
            108.941009961854547,
            34.472357489056535
          ],
          [
            108.948008659771233,
            34.478583074994035
          ],
          [
            108.951670769146233,
            34.483099676556535
          ],
          [
            108.951670769146233,
            34.486029364056535
          ],
          [
            108.960948112896233,
            34.479681707806535
          ],
          [
            108.975352409771233,
            34.464707749473199
          ],
          [
            108.985850456646233,
            34.458685614056535
          ],
          [
            108.997325066021233,
            34.456610418744035
          ],
          [
            109.036631706646233,
            34.458685614056535
          ],
          [
            109.048106316021233,
            34.460760809369035
          ],
          [
            109.070974154562919,
            34.470038153119035
          ]
        ]
      }
    }
  ]
}
